HEART RATE DATE/TIME,VALUE,,,,,,,,,
  3:16:05 AM,70,,,,,,,,,
  3:16:20 AM,70,,,,,,,,,
  3:16:35 AM,70,,,,,,,,,
  3:16:50 AM,70,,,,,,,,,
  12:11:10 PM,70,,,,,,,,,
  12:11:25 PM,70,,,,,,,,,
  12:13:40 PM,70,,,,,,,,,
  12:13:55 PM,70,,,,,,,,,
  12:16:40 PM,70,,,,,,,,,
  12:16:55 PM,70,,,,,,,,,
  12:53:00 PM,78,,,,,,,,,
  12:53:05 PM,80,,,,,,,,,
  12:53:20 PM,80,,,,,,,,,
  12:53:25 PM,77,,,,,,,,,
  12:54:00 PM,86,,,,,,,,,
  12:54:10 PM,85,,,,,,,,,
  12:54:15 PM,86,,,,,,,,,
  12:54:25 PM,85,,,,,,,,,
  12:54:30 PM,84,,,,,,,,,
  12:54:35 PM,83,,,,,,,,,
  12:54:40 PM,84,,,,,,,,,
  12:54:45 PM,86,,,,,,,,,
  12:54:50 PM,90,,,,,,,,,
  12:54:55 PM,93,,,,,,,,,
  12:55:05 PM,91,,,,,,,,,
  12:55:20 PM,91,,,,,,,,,
  12:55:25 PM,92,,,,,,,,,
  12:55:30 PM,92,,,,,,,,,
  12:55:35 PM,91,,,,,,,,,
  12:55:40 PM,90,,,,,,,,,
  12:55:55 PM,90,,,,,,,,,
  12:56:10 PM,90,,,,,,,,,
  12:56:20 PM,89,,,,,,,,,
  12:56:35 PM,90,,,,,,,,,
  12:56:50 PM,90,,,,,,,,,
  12:56:55 PM,89,,,,,,,,,
  12:57:10 PM,90,,,,,,,,,
  12:57:20 PM,91,,,,,,,,,
  12:57:25 PM,92,,,,,,,,,
  12:57:30 PM,95,,,,,,,,,
  12:57:40 PM,96,,,,,,,,,
  12:57:55 PM,96,,,,,,,,,
  12:58:10 PM,97,,,,,,,,,
  12:58:20 PM,96,,,,,,,,,
  12:58:35 PM,96,,,,,,,,,
  12:58:40 PM,97,,,,,,,,,
  12:58:50 PM,98,,,,,,,,,
  12:59:00 PM,97,,,,,,,,,
  12:59:05 PM,98,,,,,,,,,
  12:59:20 PM,91,,,,,,,,,
  12:59:35 PM,91,,,,,,,,,
  12:59:40 PM,88,,,,,,,,,
  12:59:45 PM,91,,,,,,,,,
  12:59:55 PM,90,,,,,,,,,
  1:00:00 PM,89,,,,,,,,,
  1:00:10 PM,88,,,,,,,,,
  1:00:25 PM,88,,,,,,,,,
  1:00:40 PM,84,,,,,,,,,
  1:00:50 PM,85,,,,,,,,,
  1:01:05 PM,85,,,,,,,,,
  1:01:10 PM,84,,,,,,,,,
  1:01:20 PM,83,,,,,,,,,
  1:01:30 PM,84,,,,,,,,,
  1:01:40 PM,88,,,,,,,,,
  1:01:50 PM,85,,,,,,,,,
  1:02:00 PM,84,,,,,,,,,
  1:02:10 PM,86,,,,,,,,,
  1:02:20 PM,90,,,,,,,,,
  1:02:30 PM,88,,,,,,,,,
  1:02:40 PM,89,,,,,,,,,
  1:02:45 PM,88,,,,,,,,,
  1:02:50 PM,87,,,,,,,,,
  1:03:05 PM,87,,,,,,,,,
  1:03:10 PM,87,,,,,,,,,
  1:03:20 PM,88,,,,,,,,,
  1:03:30 PM,85,,,,,,,,,
  1:03:40 PM,81,,,,,,,,,
  1:03:50 PM,79,,,,,,,,,
  1:03:55 PM,79,,,,,,,,,
  1:04:00 PM,80,,,,,,,,,
  1:04:15 PM,80,,,,,,,,,
  1:04:20 PM,80,,,,,,,,,
  1:04:35 PM,80,,,,,,,,,
  1:04:50 PM,81,,,,,,,,,
  1:04:55 PM,83,,,,,,,,,
  1:05:00 PM,82,,,,,,,,,
  1:05:10 PM,81,,,,,,,,,
  1:05:15 PM,80,,,,,,,,,
  1:05:30 PM,83,,,,,,,,,
  1:05:40 PM,86,,,,,,,,,
  1:05:50 PM,86,,,,,,,,,
  1:06:05 PM,86,,,,,,,,,
  1:06:10 PM,85,,,,,,,,,
  1:06:20 PM,82,,,,,,,,,
  1:06:30 PM,82,,,,,,,,,
  1:06:40 PM,82,,,,,,,,,
  1:06:50 PM,81,,,,,,,,,
  1:07:00 PM,81,,,,,,,,,
  1:07:10 PM,82,,,,,,,,,
  1:07:25 PM,82,,,,,,,,,
  1:07:30 PM,82,,,,,,,,,
  1:07:45 PM,82,,,,,,,,,
  1:08:00 PM,82,,,,,,,,,
  1:08:15 PM,82,,,,,,,,,
  1:08:30 PM,82,,,,,,,,,
  1:08:40 PM,82,,,,,,,,,
  1:08:55 PM,82,,,,,,,,,
  1:09:00 PM,81,,,,,,,,,
  1:09:10 PM,78,,,,,,,,,
  1:09:20 PM,79,,,,,,,,,
  1:09:25 PM,78,,,,,,,,,
  1:09:30 PM,78,,,,,,,,,
  1:09:45 PM,78,,,,,,,,,
  1:10:00 PM,78,,,,,,,,,
  1:10:15 PM,78,,,,,,,,,
  1:10:30 PM,78,,,,,,,,,
  1:10:45 PM,78,,,,,,,,,
  1:10:50 PM,79,,,,,,,,,
  1:11:00 PM,83,,,,,,,,,
  1:11:05 PM,87,,,,,,,,,
  1:11:10 PM,86,,,,,,,,,
  1:11:20 PM,87,,,,,,,,,
  1:11:25 PM,86,,,,,,,,,
  1:11:40 PM,86,,,,,,,,,
  1:11:50 PM,86,,,,,,,,,
  1:12:00 PM,85,,,,,,,,,
  1:12:05 PM,84,,,,,,,,,
  1:12:20 PM,85,,,,,,,,,
  1:12:30 PM,87,,,,,,,,,
  1:12:40 PM,90,,,,,,,,,
  1:12:50 PM,89,,,,,,,,,
  1:12:55 PM,88,,,,,,,,,
  1:13:10 PM,88,,,,,,,,,
  1:13:15 PM,89,,,,,,,,,
  1:13:30 PM,89,,,,,,,,,
  1:13:35 PM,89,,,,,,,,,
  1:13:40 PM,89,,,,,,,,,
  1:13:45 PM,91,,,,,,,,,
  1:14:00 PM,90,,,,,,,,,
  1:14:05 PM,89,,,,,,,,,
  1:14:15 PM,88,,,,,,,,,
  1:14:30 PM,88,,,,,,,,,
  1:14:45 PM,88,,,,,,,,,
  1:14:50 PM,89,,,,,,,,,
  1:15:00 PM,87,,,,,,,,,
  1:15:10 PM,88,,,,,,,,,
  1:15:15 PM,87,,,,,,,,,
  1:15:30 PM,89,,,,,,,,,
  1:15:40 PM,85,,,,,,,,,
  1:15:55 PM,85,,,,,,,,,
  1:16:00 PM,85,,,,,,,,,
  1:16:10 PM,90,,,,,,,,,
  1:16:20 PM,85,,,,,,,,,
  1:16:35 PM,85,,,,,,,,,
  1:16:40 PM,86,,,,,,,,,
  1:16:50 PM,87,,,,,,,,,
  1:17:05 PM,87,,,,,,,,,
  1:17:10 PM,86,,,,,,,,,
  1:17:20 PM,91,,,,,,,,,
  1:17:30 PM,90,,,,,,,,,
  1:17:40 PM,85,,,,,,,,,
  1:17:55 PM,85,,,,,,,,,
  1:18:00 PM,85,,,,,,,,,
  1:18:10 PM,84,,,,,,,,,
  1:18:25 PM,84,,,,,,,,,
  1:18:30 PM,84,,,,,,,,,
  1:18:40 PM,84,,,,,,,,,
  1:18:45 PM,84,,,,,,,,,
  1:19:00 PM,85,,,,,,,,,
  1:19:10 PM,84,,,,,,,,,
  1:19:25 PM,83,,,,,,,,,
  1:19:40 PM,84,,,,,,,,,
  1:19:50 PM,85,,,,,,,,,
  1:20:00 PM,86,,,,,,,,,
  1:20:10 PM,85,,,,,,,,,
  1:20:15 PM,85,,,,,,,,,
  1:20:25 PM,84,,,,,,,,,
  1:20:40 PM,84,,,,,,,,,
  1:20:50 PM,84,,,,,,,,,
  1:21:05 PM,84,,,,,,,,,
  1:21:10 PM,82,,,,,,,,,
  1:21:20 PM,83,,,,,,,,,
  1:21:30 PM,81,,,,,,,,,
  1:21:45 PM,81,,,,,,,,,
  1:21:50 PM,80,,,,,,,,,
  1:21:55 PM,83,,,,,,,,,
  1:22:05 PM,82,,,,,,,,,
  1:22:15 PM,81,,,,,,,,,
  1:22:30 PM,81,,,,,,,,,
  1:22:35 PM,81,,,,,,,,,
  1:22:45 PM,80,,,,,,,,,
  1:23:00 PM,80,,,,,,,,,
  1:23:15 PM,80,,,,,,,,,
  1:23:25 PM,82,,,,,,,,,
  1:23:40 PM,79,,,,,,,,,
  1:23:50 PM,82,,,,,,,,,
  1:24:00 PM,83,,,,,,,,,
  1:24:15 PM,83,,,,,,,,,
  1:24:30 PM,83,,,,,,,,,
  1:24:40 PM,90,,,,,,,,,
  1:24:45 PM,89,,,,,,,,,
  1:24:55 PM,88,,,,,,,,,
  1:25:00 PM,87,,,,,,,,,
  1:25:10 PM,90,,,,,,,,,
  1:25:20 PM,88,,,,,,,,,
  1:25:25 PM,87,,,,,,,,,
  1:25:40 PM,87,,,,,,,,,
  1:25:55 PM,87,,,,,,,,,
  1:26:00 PM,87,,,,,,,,,
  1:26:05 PM,87,,,,,,,,,
  1:26:20 PM,86,,,,,,,,,
  1:26:30 PM,87,,,,,,,,,
  1:26:35 PM,86,,,,,,,,,
  1:26:50 PM,84,,,,,,,,,
  1:27:00 PM,84,,,,,,,,,
  1:27:10 PM,83,,,,,,,,,
  1:27:15 PM,83,,,,,,,,,
  1:27:30 PM,83,,,,,,,,,
  1:27:45 PM,83,,,,,,,,,
  1:27:50 PM,79,,,,,,,,,
  1:28:00 PM,79,,,,,,,,,
  1:28:10 PM,84,,,,,,,,,
  1:28:25 PM,83,,,,,,,,,
  1:28:40 PM,82,,,,,,,,,
  1:28:55 PM,82,,,,,,,,,
  1:29:00 PM,83,,,,,,,,,
  1:29:10 PM,83,,,,,,,,,
  1:29:25 PM,83,,,,,,,,,
  1:29:40 PM,82,,,,,,,,,
  1:29:45 PM,81,,,,,,,,,
  1:29:50 PM,80,,,,,,,,,
  1:30:05 PM,79,,,,,,,,,
  1:30:20 PM,79,,,,,,,,,
  1:30:30 PM,80,,,,,,,,,
  1:30:45 PM,80,,,,,,,,,
  1:31:00 PM,81,,,,,,,,,
  1:31:10 PM,81,,,,,,,,,
  1:31:25 PM,81,,,,,,,,,
  1:31:30 PM,80,,,,,,,,,
  1:31:45 PM,80,,,,,,,,,
  1:31:50 PM,78,,,,,,,,,
  1:32:00 PM,79,,,,,,,,,
  1:32:10 PM,83,,,,,,,,,
  1:32:20 PM,83,,,,,,,,,
  1:32:25 PM,82,,,,,,,,,
  1:32:35 PM,83,,,,,,,,,
  1:32:45 PM,82,,,,,,,,,
  1:32:50 PM,82,,,,,,,,,
  1:33:05 PM,82,,,,,,,,,
  1:33:10 PM,86,,,,,,,,,
  1:33:20 PM,85,,,,,,,,,
  1:33:30 PM,83,,,,,,,,,
  1:33:40 PM,82,,,,,,,,,
  1:33:55 PM,82,,,,,,,,,
  1:34:10 PM,84,,,,,,,,,
  1:34:20 PM,84,,,,,,,,,
  1:34:35 PM,84,,,,,,,,,
  1:34:50 PM,83,,,,,,,,,
  1:35:00 PM,82,,,,,,,,,
  1:35:05 PM,82,,,,,,,,,
  1:35:20 PM,82,,,,,,,,,
  1:35:30 PM,85,,,,,,,,,
  1:35:45 PM,85,,,,,,,,,
  1:35:50 PM,82,,,,,,,,,
  1:36:00 PM,87,,,,,,,,,
  1:36:05 PM,88,,,,,,,,,
  1:36:10 PM,87,,,,,,,,,
  1:36:20 PM,86,,,,,,,,,
  1:36:30 PM,83,,,,,,,,,
  1:36:35 PM,82,,,,,,,,,
  1:36:40 PM,83,,,,,,,,,
  1:36:50 PM,82,,,,,,,,,
  1:36:55 PM,84,,,,,,,,,
  1:37:00 PM,84,,,,,,,,,
  1:37:15 PM,84,,,,,,,,,
  1:37:20 PM,82,,,,,,,,,
  1:37:25 PM,81,,,,,,,,,
  1:37:30 PM,78,,,,,,,,,
  1:37:40 PM,76,,,,,,,,,
  1:37:50 PM,78,,,,,,,,,
  1:38:00 PM,77,,,,,,,,,
  1:38:10 PM,75,,,,,,,,,
  1:38:20 PM,76,,,,,,,,,
  1:38:30 PM,87,,,,,,,,,
  1:38:45 PM,87,,,,,,,,,
  1:39:00 PM,87,,,,,,,,,
  1:39:10 PM,91,,,,,,,,,
  1:39:15 PM,90,,,,,,,,,
  1:39:30 PM,89,,,,,,,,,
  1:39:40 PM,89,,,,,,,,,
  1:39:55 PM,89,,,,,,,,,
  1:40:00 PM,83,,,,,,,,,
  1:40:10 PM,83,,,,,,,,,
  1:40:20 PM,84,,,,,,,,,
  1:40:35 PM,83,,,,,,,,,
  1:40:45 PM,83,,,,,,,,,
  1:40:50 PM,83,,,,,,,,,
  1:41:05 PM,83,,,,,,,,,
  1:41:20 PM,83,,,,,,,,,
  1:41:30 PM,84,,,,,,,,,
  1:41:40 PM,82,,,,,,,,,
  1:41:50 PM,80,,,,,,,,,
  1:41:55 PM,77,,,,,,,,,
  1:42:00 PM,75,,,,,,,,,
  1:42:15 PM,75,,,,,,,,,
  1:42:25 PM,74,,,,,,,,,
  1:42:30 PM,76,,,,,,,,,
  1:42:35 PM,79,,,,,,,,,
  1:42:50 PM,82,,,,,,,,,
  1:43:00 PM,83,,,,,,,,,
  1:43:10 PM,82,,,,,,,,,
  1:43:25 PM,81,,,,,,,,,
  1:43:40 PM,79,,,,,,,,,
  1:43:50 PM,85,,,,,,,,,
  1:44:00 PM,82,,,,,,,,,
  1:44:10 PM,81,,,,,,,,,
  1:44:20 PM,85,,,,,,,,,
  1:44:25 PM,85,,,,,,,,,
  1:44:35 PM,84,,,,,,,,,
  1:44:50 PM,82,,,,,,,,,
  1:44:55 PM,81,,,,,,,,,
  1:45:00 PM,83,,,,,,,,,
  1:45:10 PM,82,,,,,,,,,
  1:45:20 PM,82,,,,,,,,,
  1:45:30 PM,82,,,,,,,,,
  1:45:40 PM,83,,,,,,,,,
  1:45:55 PM,83,,,,,,,,,
  1:46:00 PM,85,,,,,,,,,
  1:46:10 PM,81,,,,,,,,,
  1:46:25 PM,80,,,,,,,,,
  1:46:30 PM,81,,,,,,,,,
  1:46:40 PM,77,,,,,,,,,
  1:46:50 PM,82,,,,,,,,,
  1:47:05 PM,82,,,,,,,,,
  1:47:15 PM,81,,,,,,,,,
  1:47:30 PM,79,,,,,,,,,
  1:47:40 PM,86,,,,,,,,,
  1:47:55 PM,86,,,,,,,,,
  1:48:00 PM,80,,,,,,,,,
  1:48:05 PM,79,,,,,,,,,
  1:48:10 PM,78,,,,,,,,,
  1:48:20 PM,77,,,,,,,,,
  1:48:30 PM,76,,,,,,,,,
  1:48:45 PM,76,,,,,,,,,
  1:48:50 PM,77,,,,,,,,,
  1:49:00 PM,78,,,,,,,,,
  1:49:15 PM,80,,,,,,,,,
  1:49:20 PM,80,,,,,,,,,
  1:49:30 PM,79,,,,,,,,,
  1:49:40 PM,80,,,,,,,,,
  1:49:45 PM,80,,,,,,,,,
  1:49:50 PM,79,,,,,,,,,
  1:50:05 PM,78,,,,,,,,,
  1:50:10 PM,79,,,,,,,,,
  1:50:25 PM,79,,,,,,,,,
  1:50:40 PM,80,,,,,,,,,
  1:50:50 PM,84,,,,,,,,,
  1:51:00 PM,85,,,,,,,,,
  1:51:10 PM,96,,,,,,,,,
  1:51:20 PM,95,,,,,,,,,
  1:51:25 PM,94,,,,,,,,,
  1:51:30 PM,93,,,,,,,,,
  1:51:40 PM,88,,,,,,,,,
  1:51:50 PM,83,,,,,,,,,
  1:51:55 PM,80,,,,,,,,,
  1:52:00 PM,79,,,,,,,,,
  1:52:05 PM,79,,,,,,,,,
  1:52:20 PM,79,,,,,,,,,
  1:52:30 PM,80,,,,,,,,,
  1:52:45 PM,80,,,,,,,,,
  1:53:00 PM,80,,,,,,,,,
  1:53:10 PM,80,,,,,,,,,
  1:53:20 PM,78,,,,,,,,,
  1:53:25 PM,78,,,,,,,,,
  1:53:40 PM,81,,,,,,,,,
  1:53:45 PM,83,,,,,,,,,
  1:53:50 PM,83,,,,,,,,,
  1:54:05 PM,83,,,,,,,,,
  1:54:10 PM,82,,,,,,,,,
  1:54:20 PM,84,,,,,,,,,
  1:54:35 PM,84,,,,,,,,,
  1:54:50 PM,84,,,,,,,,,
  1:55:00 PM,89,,,,,,,,,
  1:55:10 PM,92,,,,,,,,,
  1:55:25 PM,92,,,,,,,,,
  1:55:30 PM,92,,,,,,,,,
  1:55:40 PM,94,,,,,,,,,
  1:55:50 PM,95,,,,,,,,,
  1:55:55 PM,94,,,,,,,,,
  1:56:10 PM,94,,,,,,,,,
  1:56:20 PM,87,,,,,,,,,
  1:56:25 PM,87,,,,,,,,,
  1:56:40 PM,87,,,,,,,,,
  1:56:50 PM,85,,,,,,,,,
  1:57:00 PM,86,,,,,,,,,
  1:57:05 PM,85,,,,,,,,,
  1:57:20 PM,85,,,,,,,,,
  1:57:30 PM,79,,,,,,,,,
  1:57:35 PM,78,,,,,,,,,
  1:57:50 PM,79,,,,,,,,,
  1:57:55 PM,79,,,,,,,,,
  1:58:10 PM,79,,,,,,,,,
  1:58:25 PM,79,,,,,,,,,
  1:58:30 PM,79,,,,,,,,,
  1:58:45 PM,80,,,,,,,,,
  1:59:00 PM,80,,,,,,,,,
  1:59:15 PM,80,,,,,,,,,
  1:59:30 PM,80,,,,,,,,,
  1:59:45 PM,80,,,,,,,,,
  2:00:00 PM,80,,,,,,,,,
  2:00:15 PM,80,,,,,,,,,
  2:00:30 PM,80,,,,,,,,,
  2:00:45 PM,80,,,,,,,,,
  2:01:00 PM,80,,,,,,,,,
  2:01:10 PM,80,,,,,,,,,
  2:01:15 PM,81,,,,,,,,,
  2:01:30 PM,81,,,,,,,,,
  2:01:45 PM,79,,,,,,,,,
  2:01:50 PM,80,,,,,,,,,
  2:01:55 PM,77,,,,,,,,,
  2:02:00 PM,75,,,,,,,,,
  2:02:05 PM,75,,,,,,,,,
  2:02:20 PM,74,,,,,,,,,
  2:02:35 PM,74,,,,,,,,,
  2:02:40 PM,81,,,,,,,,,
  2:02:50 PM,82,,,,,,,,,
  2:03:00 PM,83,,,,,,,,,
  2:03:05 PM,82,,,,,,,,,
  2:03:10 PM,83,,,,,,,,,
  2:03:20 PM,82,,,,,,,,,
  2:03:25 PM,82,,,,,,,,,
  2:03:40 PM,82,,,,,,,,,
  2:03:50 PM,85,,,,,,,,,
  2:04:00 PM,85,,,,,,,,,
  2:04:10 PM,84,,,,,,,,,
  2:04:15 PM,83,,,,,,,,,
  2:04:20 PM,81,,,,,,,,,
  2:04:30 PM,80,,,,,,,,,
  2:04:45 PM,80,,,,,,,,,
  2:05:00 PM,78,,,,,,,,,
  2:05:15 PM,78,,,,,,,,,
  2:05:30 PM,78,,,,,,,,,
  2:05:45 PM,78,,,,,,,,,
  2:05:50 PM,80,,,,,,,,,
  2:06:00 PM,82,,,,,,,,,
  2:06:10 PM,82,,,,,,,,,
  2:06:20 PM,81,,,,,,,,,
  2:06:30 PM,77,,,,,,,,,
  2:06:40 PM,78,,,,,,,,,
  2:06:45 PM,82,,,,,,,,,
  2:07:00 PM,82,,,,,,,,,
  2:07:15 PM,82,,,,,,,,,
  2:07:30 PM,82,,,,,,,,,
  2:07:45 PM,82,,,,,,,,,
  2:08:00 PM,82,,,,,,,,,
  2:08:15 PM,82,,,,,,,,,
  2:08:20 PM,82,,,,,,,,,
  2:08:30 PM,81,,,,,,,,,
  2:08:40 PM,81,,,,,,,,,
  2:08:45 PM,81,,,,,,,,,
  2:08:55 PM,80,,,,,,,,,
  2:09:10 PM,80,,,,,,,,,
  2:09:20 PM,80,,,,,,,,,
  2:09:30 PM,79,,,,,,,,,
  2:09:35 PM,80,,,,,,,,,
  2:09:45 PM,81,,,,,,,,,
  2:09:50 PM,75,,,,,,,,,
  2:09:55 PM,75,,,,,,,,,
  2:10:10 PM,75,,,,,,,,,
  2:10:15 PM,74,,,,,,,,,
  2:10:25 PM,75,,,,,,,,,
  2:10:30 PM,76,,,,,,,,,
  2:10:35 PM,77,,,,,,,,,
  2:10:50 PM,77,,,,,,,,,
  2:11:00 PM,78,,,,,,,,,
  2:11:10 PM,80,,,,,,,,,
  2:11:20 PM,85,,,,,,,,,
  2:11:30 PM,84,,,,,,,,,
  2:11:35 PM,83,,,,,,,,,
  2:11:40 PM,81,,,,,,,,,
  2:11:50 PM,77,,,,,,,,,
  2:11:55 PM,77,,,,,,,,,
  2:12:10 PM,76,,,,,,,,,
  2:12:20 PM,76,,,,,,,,,
  2:12:30 PM,84,,,,,,,,,
  2:12:40 PM,84,,,,,,,,,
  2:12:50 PM,83,,,,,,,,,
  2:13:00 PM,83,,,,,,,,,
  2:13:15 PM,83,,,,,,,,,
  2:13:30 PM,83,,,,,,,,,
  2:13:40 PM,79,,,,,,,,,
  2:13:45 PM,77,,,,,,,,,
  2:13:50 PM,76,,,,,,,,,
  2:13:55 PM,76,,,,,,,,,
  2:14:10 PM,76,,,,,,,,,
  2:14:25 PM,76,,,,,,,,,
  2:14:30 PM,74,,,,,,,,,
  2:14:45 PM,73,,,,,,,,,
  2:14:50 PM,72,,,,,,,,,
  2:15:00 PM,73,,,,,,,,,
  2:15:15 PM,73,,,,,,,,,
  2:15:30 PM,75,,,,,,,,,
  2:15:45 PM,75,,,,,,,,,
  2:16:00 PM,75,,,,,,,,,
  2:16:15 PM,75,,,,,,,,,
  2:16:30 PM,75,,,,,,,,,
  2:16:40 PM,77,,,,,,,,,
  2:16:50 PM,78,,,,,,,,,
  2:17:00 PM,78,,,,,,,,,
  2:17:10 PM,76,,,,,,,,,
  2:17:20 PM,77,,,,,,,,,
  2:17:25 PM,79,,,,,,,,,
  2:17:40 PM,79,,,,,,,,,
  2:17:45 PM,80,,,,,,,,,
  2:17:50 PM,80,,,,,,,,,
  2:18:05 PM,80,,,,,,,,,
  2:18:20 PM,80,,,,,,,,,
  2:18:35 PM,80,,,,,,,,,
  2:18:40 PM,79,,,,,,,,,
  2:18:50 PM,77,,,,,,,,,
  2:19:00 PM,79,,,,,,,,,
  2:19:15 PM,79,,,,,,,,,
  2:19:30 PM,77,,,,,,,,,
  2:19:45 PM,77,,,,,,,,,
  2:19:50 PM,77,,,,,,,,,
  2:19:55 PM,79,,,,,,,,,
  2:20:00 PM,79,,,,,,,,,
  2:20:10 PM,80,,,,,,,,,
  2:20:25 PM,79,,,,,,,,,
  2:20:40 PM,80,,,,,,,,,
  2:20:50 PM,80,,,,,,,,,
  2:21:05 PM,80,,,,,,,,,
  2:21:10 PM,81,,,,,,,,,
  2:21:20 PM,80,,,,,,,,,
  2:21:30 PM,81,,,,,,,,,
  2:21:40 PM,80,,,,,,,,,
  2:21:50 PM,79,,,,,,,,,
  2:22:05 PM,79,,,,,,,,,
  2:22:10 PM,79,,,,,,,,,
  2:22:25 PM,80,,,,,,,,,
  2:22:40 PM,80,,,,,,,,,
  2:22:55 PM,80,,,,,,,,,
  2:23:10 PM,80,,,,,,,,,
  2:23:20 PM,81,,,,,,,,,
  2:23:30 PM,81,,,,,,,,,
  2:23:35 PM,82,,,,,,,,,
  2:23:45 PM,83,,,,,,,,,
  2:24:00 PM,83,,,,,,,,,
  2:24:10 PM,84,,,,,,,,,
  2:24:15 PM,87,,,,,,,,,
  2:24:25 PM,86,,,,,,,,,
  2:24:35 PM,84,,,,,,,,,
  2:24:50 PM,84,,,,,,,,,
  2:25:05 PM,84,,,,,,,,,
  2:25:20 PM,84,,,,,,,,,
  2:25:30 PM,84,,,,,,,,,
  2:25:40 PM,86,,,,,,,,,
  2:25:55 PM,86,,,,,,,,,
  2:26:10 PM,87,,,,,,,,,
  2:26:20 PM,85,,,,,,,,,
  2:26:30 PM,84,,,,,,,,,
  2:26:45 PM,84,,,,,,,,,
  2:26:50 PM,83,,,,,,,,,
  2:27:05 PM,83,,,,,,,,,
  2:27:20 PM,84,,,,,,,,,
  2:27:30 PM,83,,,,,,,,,
  2:27:40 PM,83,,,,,,,,,
  2:27:45 PM,82,,,,,,,,,
  2:27:50 PM,82,,,,,,,,,
  2:28:05 PM,82,,,,,,,,,
  2:28:20 PM,81,,,,,,,,,
  2:28:30 PM,78,,,,,,,,,
  2:28:40 PM,76,,,,,,,,,
  2:28:50 PM,74,,,,,,,,,
  2:29:00 PM,73,,,,,,,,,
  2:29:05 PM,74,,,,,,,,,
  2:29:15 PM,74,,,,,,,,,
  2:29:30 PM,74,,,,,,,,,
  2:29:40 PM,74,,,,,,,,,
  2:29:45 PM,76,,,,,,,,,
  2:29:50 PM,75,,,,,,,,,
  2:30:00 PM,77,,,,,,,,,
  2:30:10 PM,77,,,,,,,,,
  2:30:20 PM,80,,,,,,,,,
  2:30:35 PM,80,,,,,,,,,
  2:30:50 PM,80,,,,,,,,,
  2:31:05 PM,81,,,,,,,,,
  2:31:10 PM,80,,,,,,,,,
  2:31:20 PM,80,,,,,,,,,
  2:31:30 PM,76,,,,,,,,,
  2:31:35 PM,74,,,,,,,,,
  2:31:40 PM,74,,,,,,,,,
  2:31:50 PM,77,,,,,,,,,
  2:32:00 PM,75,,,,,,,,,
  2:32:10 PM,76,,,,,,,,,
  2:32:25 PM,76,,,,,,,,,
  2:32:40 PM,77,,,,,,,,,
  2:32:45 PM,77,,,,,,,,,
  2:33:00 PM,77,,,,,,,,,
  2:33:15 PM,77,,,,,,,,,
  2:33:20 PM,77,,,,,,,,,
  2:33:35 PM,77,,,,,,,,,
  2:33:40 PM,78,,,,,,,,,
  2:33:50 PM,80,,,,,,,,,
  2:33:55 PM,79,,,,,,,,,
  2:34:10 PM,83,,,,,,,,,
  2:34:20 PM,84,,,,,,,,,
  2:34:35 PM,84,,,,,,,,,
  2:34:50 PM,85,,,,,,,,,
  2:35:05 PM,85,,,,,,,,,
  2:35:20 PM,86,,,,,,,,,
  2:35:35 PM,86,,,,,,,,,
  2:35:40 PM,88,,,,,,,,,
  2:35:45 PM,89,,,,,,,,,
  2:35:50 PM,88,,,,,,,,,
  2:36:00 PM,87,,,,,,,,,
  2:36:15 PM,87,,,,,,,,,
  2:36:30 PM,87,,,,,,,,,
  2:36:35 PM,86,,,,,,,,,
  2:36:40 PM,88,,,,,,,,,
  2:36:55 PM,88,,,,,,,,,
  2:37:05 PM,87,,,,,,,,,
  2:37:10 PM,88,,,,,,,,,
  2:37:15 PM,87,,,,,,,,,
  2:37:20 PM,85,,,,,,,,,
  2:37:25 PM,86,,,,,,,,,
  2:37:30 PM,86,,,,,,,,,
  2:37:35 PM,85,,,,,,,,,
  2:37:40 PM,86,,,,,,,,,
  2:37:45 PM,87,,,,,,,,,
  2:37:50 PM,85,,,,,,,,,
  2:37:55 PM,86,,,,,,,,,
  2:38:05 PM,86,,,,,,,,,
  2:38:15 PM,87,,,,,,,,,
  2:38:30 PM,87,,,,,,,,,
  2:38:40 PM,86,,,,,,,,,
  2:38:55 PM,86,,,,,,,,,
  2:39:10 PM,85,,,,,,,,,
  2:39:25 PM,85,,,,,,,,,
  2:39:40 PM,83,,,,,,,,,
  2:39:55 PM,83,,,,,,,,,
  2:40:05 PM,82,,,,,,,,,
  2:40:20 PM,82,,,,,,,,,
  2:40:35 PM,82,,,,,,,,,
  2:40:50 PM,82,,,,,,,,,
  2:41:05 PM,83,,,,,,,,,
  2:41:10 PM,83,,,,,,,,,
  2:41:25 PM,83,,,,,,,,,
  2:41:30 PM,82,,,,,,,,,
  2:41:40 PM,81,,,,,,,,,
  2:41:55 PM,81,,,,,,,,,
  2:42:05 PM,82,,,,,,,,,
  2:42:10 PM,83,,,,,,,,,
  2:42:25 PM,83,,,,,,,,,
  2:42:30 PM,83,,,,,,,,,
  2:42:45 PM,83,,,,,,,,,
  2:43:00 PM,83,,,,,,,,,
  2:43:15 PM,83,,,,,,,,,
  2:43:20 PM,84,,,,,,,,,
  2:43:30 PM,82,,,,,,,,,
  2:43:40 PM,80,,,,,,,,,
  2:43:55 PM,80,,,,,,,,,
  2:44:00 PM,81,,,,,,,,,
  2:44:15 PM,81,,,,,,,,,
  2:44:20 PM,82,,,,,,,,,
  2:44:35 PM,82,,,,,,,,,
  2:44:40 PM,82,,,,,,,,,
  2:44:50 PM,79,,,,,,,,,
  2:44:55 PM,81,,,,,,,,,
  2:45:00 PM,82,,,,,,,,,
  2:45:05 PM,83,,,,,,,,,
  2:45:10 PM,82,,,,,,,,,
  2:45:25 PM,82,,,,,,,,,
  2:45:30 PM,82,,,,,,,,,
  2:45:45 PM,82,,,,,,,,,
  2:45:50 PM,80,,,,,,,,,
  2:45:55 PM,79,,,,,,,,,
  2:46:00 PM,78,,,,,,,,,
  2:46:05 PM,76,,,,,,,,,
  2:46:10 PM,75,,,,,,,,,
  2:46:20 PM,75,,,,,,,,,
  2:46:25 PM,76,,,,,,,,,
  2:46:30 PM,76,,,,,,,,,
  2:46:35 PM,76,,,,,,,,,
  2:46:50 PM,76,,,,,,,,,
  2:47:00 PM,77,,,,,,,,,
  2:47:15 PM,77,,,,,,,,,
  2:47:30 PM,77,,,,,,,,,
  2:47:45 PM,77,,,,,,,,,
  2:47:50 PM,76,,,,,,,,,
  2:48:05 PM,76,,,,,,,,,
  2:48:20 PM,76,,,,,,,,,
  2:48:30 PM,77,,,,,,,,,
  2:48:45 PM,77,,,,,,,,,
  2:49:00 PM,80,,,,,,,,,
  2:49:15 PM,80,,,,,,,,,
  2:49:30 PM,94,,,,,,,,,
  2:49:35 PM,95,,,,,,,,,
  2:49:50 PM,93,,,,,,,,,
  2:50:00 PM,91,,,,,,,,,
  2:50:10 PM,90,,,,,,,,,
  2:50:20 PM,91,,,,,,,,,
  2:50:30 PM,95,,,,,,,,,
  2:50:45 PM,94,,,,,,,,,
  2:50:55 PM,93,,,,,,,,,
  2:51:00 PM,93,,,,,,,,,
  2:51:15 PM,93,,,,,,,,,
  2:51:30 PM,93,,,,,,,,,
  2:51:40 PM,94,,,,,,,,,
  2:51:45 PM,93,,,,,,,,,
  2:51:50 PM,92,,,,,,,,,
  2:52:00 PM,92,,,,,,,,,
  2:52:03 PM,92,,,,,,,,,
  2:52:06 PM,92,,,,,,,,,
  2:52:08 PM,93,,,,,,,,,
  2:52:10 PM,94,,,,,,,,,
  2:52:13 PM,94,,,,,,,,,
  2:52:16 PM,94,,,,,,,,,
  2:52:19 PM,94,,,,,,,,,
  2:52:20 PM,96,,,,,,,,,
  2:52:23 PM,96,,,,,,,,,
  2:52:26 PM,96,,,,,,,,,
  2:52:29 PM,96,,,,,,,,,
  2:52:30 PM,91,,,,,,,,,
  2:52:33 PM,91,,,,,,,,,
  2:52:36 PM,91,,,,,,,,,
  2:52:39 PM,91,,,,,,,,,
  2:52:40 PM,90,,,,,,,,,
  2:52:43 PM,90,,,,,,,,,
  2:52:44 PM,91,,,,,,,,,
  2:52:47 PM,91,,,,,,,,,
  2:52:48 PM,90,,,,,,,,,
  2:52:51 PM,90,,,,,,,,,
  2:52:54 PM,90,,,,,,,,,
  2:52:57 PM,90,,,,,,,,,
  2:53:00 PM,90,,,,,,,,,
  2:53:03 PM,90,,,,,,,,,
  2:53:05 PM,89,,,,,,,,,
  2:53:06 PM,89,,,,,,,,,
  2:53:09 PM,89,,,,,,,,,
  2:53:10 PM,88,,,,,,,,,
  2:53:13 PM,88,,,,,,,,,
  2:53:16 PM,88,,,,,,,,,
  2:53:19 PM,88,,,,,,,,,
  2:53:20 PM,90,,,,,,,,,
  2:53:23 PM,90,,,,,,,,,
  2:53:26 PM,90,,,,,,,,,
  2:53:28 PM,93,,,,,,,,,
  2:53:29 PM,93,,,,,,,,,
  2:53:32 PM,93,,,,,,,,,
  2:53:35 PM,93,,,,,,,,,
  2:53:38 PM,93,,,,,,,,,
  2:53:41 PM,93,,,,,,,,,
  2:53:42 PM,94,,,,,,,,,
  2:53:44 PM,95,,,,,,,,,
  2:53:46 PM,96,,,,,,,,,
  2:53:49 PM,96,,,,,,,,,
  2:53:52 PM,96,,,,,,,,,
  2:53:55 PM,96,,,,,,,,,
  2:53:58 PM,96,,,,,,,,,
  2:54:00 PM,95,,,,,,,,,
  2:54:03 PM,95,,,,,,,,,
  2:54:06 PM,95,,,,,,,,,
  2:54:09 PM,95,,,,,,,,,
  2:54:10 PM,95,,,,,,,,,
  2:54:20 PM,95,,,,,,,,,
  2:54:23 PM,95,,,,,,,,,
  2:54:26 PM,95,,,,,,,,,
  2:54:29 PM,95,,,,,,,,,
  2:54:30 PM,93,,,,,,,,,
  2:54:33 PM,93,,,,,,,,,
  2:54:36 PM,93,,,,,,,,,
  2:54:37 PM,91,,,,,,,,,
  2:54:40 PM,91,,,,,,,,,
  2:54:43 PM,91,,,,,,,,,
  2:54:46 PM,91,,,,,,,,,
  2:54:49 PM,91,,,,,,,,,
  2:54:50 PM,92,,,,,,,,,
  2:54:53 PM,92,,,,,,,,,
  2:54:56 PM,92,,,,,,,,,
  2:54:59 PM,92,,,,,,,,,
  2:55:00 PM,93,,,,,,,,,
  2:55:03 PM,93,,,,,,,,,
  2:55:06 PM,93,,,,,,,,,
  2:55:09 PM,93,,,,,,,,,
  2:55:10 PM,92,,,,,,,,,
  2:55:13 PM,92,,,,,,,,,
  2:55:16 PM,92,,,,,,,,,
  2:55:19 PM,92,,,,,,,,,
  2:55:20 PM,92,,,,,,,,,
  2:55:23 PM,92,,,,,,,,,
  2:55:26 PM,92,,,,,,,,,
  2:55:30 PM,94,,,,,,,,,
  2:55:33 PM,94,,,,,,,,,
  2:55:36 PM,94,,,,,,,,,
  2:55:39 PM,94,,,,,,,,,
  2:55:40 PM,94,,,,,,,,,
  2:55:43 PM,94,,,,,,,,,
  2:55:46 PM,94,,,,,,,,,
  2:55:49 PM,94,,,,,,,,,
  2:55:50 PM,97,,,,,,,,,
  2:55:53 PM,97,,,,,,,,,
  2:55:56 PM,97,,,,,,,,,
  2:55:59 PM,97,,,,,,,,,
  2:56:00 PM,98,,,,,,,,,
  2:56:03 PM,98,,,,,,,,,
  2:56:06 PM,98,,,,,,,,,
  2:56:09 PM,98,,,,,,,,,
  2:56:12 PM,98,,,,,,,,,
  2:56:15 PM,98,,,,,,,,,
  2:56:18 PM,98,,,,,,,,,
  2:56:21 PM,98,,,,,,,,,
  2:56:24 PM,98,,,,,,,,,
  2:56:27 PM,98,,,,,,,,,
  2:56:30 PM,98,,,,,,,,,
  2:56:33 PM,98,,,,,,,,,
  2:56:36 PM,98,,,,,,,,,
  2:56:39 PM,98,,,,,,,,,
  2:56:42 PM,98,,,,,,,,,
  2:56:50 PM,98,,,,,,,,,
  2:56:53 PM,98,,,,,,,,,
  2:56:56 PM,98,,,,,,,,,
  2:56:59 PM,98,,,,,,,,,
  2:57:02 PM,98,,,,,,,,,
  2:57:05 PM,98,,,,,,,,,
  2:57:08 PM,98,,,,,,,,,
  2:57:11 PM,98,,,,,,,,,
  2:57:14 PM,98,,,,,,,,,
  2:57:17 PM,98,,,,,,,,,
  2:57:20 PM,97,,,,,,,,,
  2:57:23 PM,97,,,,,,,,,
  2:57:26 PM,97,,,,,,,,,
  2:57:29 PM,97,,,,,,,,,
  2:57:30 PM,97,,,,,,,,,
  2:57:33 PM,97,,,,,,,,,
  2:57:36 PM,97,,,,,,,,,
  2:57:39 PM,97,,,,,,,,,
  2:57:40 PM,98,,,,,,,,,
  2:57:43 PM,98,,,,,,,,,
  2:57:46 PM,98,,,,,,,,,
  2:57:49 PM,98,,,,,,,,,
  2:57:50 PM,100,,,,,,,,,
  2:57:53 PM,100,,,,,,,,,
  2:57:56 PM,100,,,,,,,,,
  2:57:59 PM,100,,,,,,,,,
  2:58:00 PM,98,,,,,,,,,
  2:58:10 PM,98,,,,,,,,,
  2:58:13 PM,98,,,,,,,,,
  2:58:16 PM,98,,,,,,,,,
  2:58:19 PM,98,,,,,,,,,
  2:58:20 PM,93,,,,,,,,,
  2:58:23 PM,93,,,,,,,,,
  2:58:26 PM,93,,,,,,,,,
  2:58:29 PM,93,,,,,,,,,
  2:58:30 PM,94,,,,,,,,,
  2:58:33 PM,94,,,,,,,,,
  2:58:36 PM,94,,,,,,,,,
  2:58:39 PM,94,,,,,,,,,
  2:58:40 PM,97,,,,,,,,,
  2:58:43 PM,97,,,,,,,,,
  2:58:46 PM,97,,,,,,,,,
  2:58:49 PM,97,,,,,,,,,
  2:58:50 PM,99,,,,,,,,,
  2:58:53 PM,99,,,,,,,,,
  2:58:56 PM,99,,,,,,,,,
  2:58:59 PM,99,,,,,,,,,
  2:59:02 PM,99,,,,,,,,,
  2:59:05 PM,99,,,,,,,,,
  2:59:08 PM,99,,,,,,,,,
  2:59:10 PM,96,,,,,,,,,
  2:59:13 PM,96,,,,,,,,,
  2:59:16 PM,96,,,,,,,,,
  2:59:19 PM,96,,,,,,,,,
  2:59:20 PM,96,,,,,,,,,
  2:59:23 PM,96,,,,,,,,,
  2:59:26 PM,96,,,,,,,,,
  2:59:29 PM,96,,,,,,,,,
  2:59:30 PM,97,,,,,,,,,
  2:59:33 PM,97,,,,,,,,,
  2:59:36 PM,97,,,,,,,,,
  2:59:39 PM,97,,,,,,,,,
  2:59:40 PM,98,,,,,,,,,
  2:59:43 PM,98,,,,,,,,,
  2:59:46 PM,98,,,,,,,,,
  2:59:49 PM,98,,,,,,,,,
  2:59:50 PM,99,,,,,,,,,
  2:59:53 PM,99,,,,,,,,,
  2:59:56 PM,99,,,,,,,,,
  2:59:59 PM,99,,,,,,,,,
  3:00:00 PM,95,,,,,,,,,
  3:00:03 PM,95,,,,,,,,,
  3:00:06 PM,95,,,,,,,,,
  3:00:09 PM,95,,,,,,,,,
  3:00:10 PM,92,,,,,,,,,
  3:00:13 PM,92,,,,,,,,,
  3:00:16 PM,92,,,,,,,,,
  3:00:19 PM,92,,,,,,,,,
  3:00:20 PM,88,,,,,,,,,
  3:00:23 PM,88,,,,,,,,,
  3:00:26 PM,88,,,,,,,,,
  3:00:30 PM,88,,,,,,,,,
  3:00:33 PM,88,,,,,,,,,
  3:00:36 PM,88,,,,,,,,,
  3:00:39 PM,88,,,,,,,,,
  3:00:40 PM,88,,,,,,,,,
  3:00:43 PM,88,,,,,,,,,
  3:00:46 PM,88,,,,,,,,,
  3:00:49 PM,88,,,,,,,,,
  3:00:50 PM,86,,,,,,,,,
  3:00:53 PM,86,,,,,,,,,
  3:00:56 PM,86,,,,,,,,,
  3:00:59 PM,86,,,,,,,,,
  3:01:00 PM,84,,,,,,,,,
  3:01:03 PM,84,,,,,,,,,
  3:01:06 PM,84,,,,,,,,,
  3:01:09 PM,84,,,,,,,,,
  3:01:10 PM,87,,,,,,,,,
  3:01:13 PM,87,,,,,,,,,
  3:01:16 PM,87,,,,,,,,,
  3:01:19 PM,87,,,,,,,,,
  3:01:20 PM,87,,,,,,,,,
  3:01:23 PM,87,,,,,,,,,
  3:01:26 PM,87,,,,,,,,,
  3:01:29 PM,87,,,,,,,,,
  3:01:30 PM,94,,,,,,,,,
  3:01:33 PM,94,,,,,,,,,
  3:01:36 PM,94,,,,,,,,,
  3:01:40 PM,94,,,,,,,,,
  3:01:43 PM,94,,,,,,,,,
  3:01:46 PM,94,,,,,,,,,
  3:01:49 PM,94,,,,,,,,,
  3:01:50 PM,96,,,,,,,,,
  3:01:53 PM,96,,,,,,,,,
  3:01:56 PM,96,,,,,,,,,
  3:01:59 PM,96,,,,,,,,,
  3:02:00 PM,94,,,,,,,,,
  3:02:03 PM,94,,,,,,,,,
  3:02:06 PM,94,,,,,,,,,
  3:02:09 PM,94,,,,,,,,,
  3:02:12 PM,94,,,,,,,,,
  3:02:15 PM,94,,,,,,,,,
  3:02:18 PM,94,,,,,,,,,
  3:02:20 PM,93,,,,,,,,,
  3:02:23 PM,93,,,,,,,,,
  3:02:26 PM,93,,,,,,,,,
  3:02:29 PM,93,,,,,,,,,
  3:02:30 PM,96,,,,,,,,,
  3:02:33 PM,96,,,,,,,,,
  3:02:36 PM,96,,,,,,,,,
  3:02:37 PM,97,,,,,,,,,
  3:02:40 PM,97,,,,,,,,,
  3:02:43 PM,97,,,,,,,,,
  3:02:45 PM,98,,,,,,,,,
  3:02:48 PM,98,,,,,,,,,
  3:02:50 PM,98,,,,,,,,,
  3:02:53 PM,98,,,,,,,,,
  3:02:56 PM,98,,,,,,,,,
  3:02:59 PM,98,,,,,,,,,
  3:03:00 PM,99,,,,,,,,,
  3:03:03 PM,99,,,,,,,,,
  3:03:06 PM,99,,,,,,,,,
  3:03:09 PM,99,,,,,,,,,
  3:03:10 PM,94,,,,,,,,,
  3:03:13 PM,94,,,,,,,,,
  3:03:16 PM,94,,,,,,,,,
  3:03:19 PM,94,,,,,,,,,
  3:03:20 PM,91,,,,,,,,,
  3:03:23 PM,91,,,,,,,,,
  3:03:26 PM,91,,,,,,,,,
  3:03:29 PM,91,,,,,,,,,
  3:03:30 PM,89,,,,,,,,,
  3:03:33 PM,89,,,,,,,,,
  3:03:36 PM,89,,,,,,,,,
  3:03:39 PM,89,,,,,,,,,
  3:03:40 PM,88,,,,,,,,,
  3:03:43 PM,88,,,,,,,,,
  3:03:46 PM,88,,,,,,,,,
  3:03:49 PM,88,,,,,,,,,
  3:03:50 PM,89,,,,,,,,,
  3:03:53 PM,89,,,,,,,,,
  3:03:56 PM,89,,,,,,,,,
  3:04:00 PM,87,,,,,,,,,
  3:04:03 PM,87,,,,,,,,,
  3:04:06 PM,87,,,,,,,,,
  3:04:09 PM,87,,,,,,,,,
  3:04:10 PM,88,,,,,,,,,
  3:04:13 PM,88,,,,,,,,,
  3:04:16 PM,88,,,,,,,,,
  3:04:19 PM,88,,,,,,,,,
  3:04:20 PM,86,,,,,,,,,
  3:04:23 PM,86,,,,,,,,,
  3:04:26 PM,86,,,,,,,,,
  3:04:29 PM,86,,,,,,,,,
  3:04:30 PM,83,,,,,,,,,
  3:04:33 PM,83,,,,,,,,,
  3:04:36 PM,83,,,,,,,,,
  3:04:39 PM,83,,,,,,,,,
  3:04:40 PM,84,,,,,,,,,
  3:04:43 PM,84,,,,,,,,,
  3:04:46 PM,84,,,,,,,,,
  3:04:49 PM,84,,,,,,,,,
  3:04:50 PM,88,,,,,,,,,
  3:04:53 PM,88,,,,,,,,,
  3:04:56 PM,88,,,,,,,,,
  3:04:59 PM,88,,,,,,,,,
  3:05:00 PM,91,,,,,,,,,
  3:05:03 PM,91,,,,,,,,,
  3:05:06 PM,91,,,,,,,,,
  3:05:10 PM,92,,,,,,,,,
  3:05:13 PM,92,,,,,,,,,
  3:05:16 PM,92,,,,,,,,,
  3:05:19 PM,92,,,,,,,,,
  3:05:20 PM,95,,,,,,,,,
  3:05:23 PM,95,,,,,,,,,
  3:05:26 PM,95,,,,,,,,,
  3:05:29 PM,95,,,,,,,,,
  3:05:30 PM,93,,,,,,,,,
  3:05:31 PM,94,,,,,,,,,
  3:05:32 PM,94,,,,,,,,,
  3:05:35 PM,94,,,,,,,,,
  3:05:38 PM,94,,,,,,,,,
  3:05:40 PM,95,,,,,,,,,
  3:05:43 PM,95,,,,,,,,,
  3:05:46 PM,95,,,,,,,,,
  3:05:49 PM,95,,,,,,,,,
  3:05:50 PM,94,,,,,,,,,
  3:05:53 PM,94,,,,,,,,,
  3:05:56 PM,94,,,,,,,,,
  3:05:59 PM,94,,,,,,,,,
  3:06:00 PM,93,,,,,,,,,
  3:06:03 PM,93,,,,,,,,,
  3:06:06 PM,93,,,,,,,,,
  3:06:09 PM,93,,,,,,,,,
  3:06:12 PM,93,,,,,,,,,
  3:06:15 PM,93,,,,,,,,,
  3:06:20 PM,90,,,,,,,,,
  3:06:23 PM,90,,,,,,,,,
  3:06:24 PM,90,,,,,,,,,
  3:06:27 PM,90,,,,,,,,,
  3:06:30 PM,91,,,,,,,,,
  3:06:33 PM,91,,,,,,,,,
  3:06:36 PM,91,,,,,,,,,
  3:06:39 PM,91,,,,,,,,,
  3:06:40 PM,90,,,,,,,,,
  3:06:43 PM,90,,,,,,,,,
  3:06:46 PM,90,,,,,,,,,
  3:06:49 PM,90,,,,,,,,,
  3:06:50 PM,89,,,,,,,,,
  3:06:53 PM,89,,,,,,,,,
  3:06:56 PM,89,,,,,,,,,
  3:06:59 PM,89,,,,,,,,,
  3:07:01 PM,89,,,,,,,,,
  3:07:02 PM,90,,,,,,,,,
  3:07:05 PM,90,,,,,,,,,
  3:07:08 PM,90,,,,,,,,,
  3:07:10 PM,91,,,,,,,,,
  3:07:13 PM,91,,,,,,,,,
  3:07:16 PM,91,,,,,,,,,
  3:07:19 PM,91,,,,,,,,,
  3:07:20 PM,90,,,,,,,,,
  3:07:23 PM,90,,,,,,,,,
  3:07:24 PM,89,,,,,,,,,
  3:07:25 PM,89,,,,,,,,,
  3:07:28 PM,89,,,,,,,,,
  3:07:31 PM,89,,,,,,,,,
  3:07:33 PM,88,,,,,,,,,
  3:07:36 PM,88,,,,,,,,,
  3:07:39 PM,88,,,,,,,,,
  3:07:40 PM,89,,,,,,,,,
  3:07:43 PM,89,,,,,,,,,
  3:07:46 PM,89,,,,,,,,,
  3:07:49 PM,89,,,,,,,,,
  3:07:50 PM,92,,,,,,,,,
  3:07:53 PM,92,,,,,,,,,
  3:07:56 PM,92,,,,,,,,,
  3:07:59 PM,92,,,,,,,,,
  3:08:00 PM,93,,,,,,,,,
  3:08:03 PM,93,,,,,,,,,
  3:08:06 PM,93,,,,,,,,,
  3:08:09 PM,93,,,,,,,,,
  3:08:10 PM,93,,,,,,,,,
  3:08:13 PM,93,,,,,,,,,
  3:08:16 PM,93,,,,,,,,,
  3:08:19 PM,93,,,,,,,,,
  3:08:22 PM,93,,,,,,,,,
  3:08:25 PM,93,,,,,,,,,
  3:08:28 PM,93,,,,,,,,,
  3:08:30 PM,89,,,,,,,,,
  3:08:33 PM,89,,,,,,,,,
  3:08:40 PM,88,,,,,,,,,
  3:08:43 PM,88,,,,,,,,,
  3:08:46 PM,88,,,,,,,,,
  3:08:49 PM,88,,,,,,,,,
  3:08:50 PM,93,,,,,,,,,
  3:08:53 PM,93,,,,,,,,,
  3:08:56 PM,93,,,,,,,,,
  3:08:59 PM,93,,,,,,,,,
  3:09:00 PM,94,,,,,,,,,
  3:09:03 PM,94,,,,,,,,,
  3:09:06 PM,94,,,,,,,,,
  3:09:09 PM,94,,,,,,,,,
  3:09:10 PM,91,,,,,,,,,
  3:09:13 PM,91,,,,,,,,,
  3:09:16 PM,91,,,,,,,,,
  3:09:19 PM,91,,,,,,,,,
  3:09:22 PM,91,,,,,,,,,
  3:09:25 PM,91,,,,,,,,,
  3:09:28 PM,91,,,,,,,,,
  3:09:30 PM,93,,,,,,,,,
  3:09:33 PM,93,,,,,,,,,
  3:09:36 PM,93,,,,,,,,,
  3:09:39 PM,93,,,,,,,,,
  3:09:42 PM,93,,,,,,,,,
  3:09:45 PM,93,,,,,,,,,
  3:09:48 PM,93,,,,,,,,,
  3:09:50 PM,92,,,,,,,,,
  3:10:00 PM,92,,,,,,,,,
  3:10:03 PM,92,,,,,,,,,
  3:10:06 PM,92,,,,,,,,,
  3:10:09 PM,91,,,,,,,,,
  3:10:11 PM,90,,,,,,,,,
  3:10:14 PM,90,,,,,,,,,
  3:10:17 PM,90,,,,,,,,,
  3:10:18 PM,91,,,,,,,,,
  3:10:20 PM,92,,,,,,,,,
  3:10:23 PM,92,,,,,,,,,
  3:10:26 PM,92,,,,,,,,,
  3:10:29 PM,92,,,,,,,,,
  3:10:30 PM,93,,,,,,,,,
  3:10:33 PM,93,,,,,,,,,
  3:10:36 PM,93,,,,,,,,,
  3:10:39 PM,93,,,,,,,,,
  3:10:40 PM,92,,,,,,,,,
  3:10:43 PM,92,,,,,,,,,
  3:10:46 PM,92,,,,,,,,,
  3:10:49 PM,92,,,,,,,,,
  3:10:50 PM,90,,,,,,,,,
  3:10:53 PM,90,,,,,,,,,
  3:10:56 PM,90,,,,,,,,,
  3:10:59 PM,90,,,,,,,,,
  3:11:00 PM,92,,,,,,,,,
  3:11:03 PM,92,,,,,,,,,
  3:11:06 PM,91,,,,,,,,,
  3:11:07 PM,91,,,,,,,,,
  3:11:10 PM,91,,,,,,,,,
  3:11:13 PM,91,,,,,,,,,
  3:11:16 PM,91,,,,,,,,,
  3:11:19 PM,91,,,,,,,,,
  3:11:20 PM,93,,,,,,,,,
  3:11:23 PM,93,,,,,,,,,
  3:11:26 PM,93,,,,,,,,,
  3:11:29 PM,93,,,,,,,,,
  3:11:32 PM,93,,,,,,,,,
  3:11:35 PM,93,,,,,,,,,
  3:11:38 PM,93,,,,,,,,,
  3:11:40 PM,96,,,,,,,,,
  3:11:43 PM,96,,,,,,,,,
  3:11:46 PM,96,,,,,,,,,
  3:11:49 PM,96,,,,,,,,,
  3:11:50 PM,95,,,,,,,,,
  3:11:53 PM,95,,,,,,,,,
  3:11:56 PM,95,,,,,,,,,
  3:11:59 PM,95,,,,,,,,,
  3:12:00 PM,94,,,,,,,,,
  3:12:03 PM,94,,,,,,,,,
  3:12:06 PM,94,,,,,,,,,
  3:12:09 PM,94,,,,,,,,,
  3:12:10 PM,95,,,,,,,,,
  3:12:13 PM,95,,,,,,,,,
  3:12:16 PM,95,,,,,,,,,
  3:12:17 PM,94,,,,,,,,,
  3:12:20 PM,94,,,,,,,,,
  3:12:23 PM,94,,,,,,,,,
  3:12:26 PM,94,,,,,,,,,
  3:12:29 PM,94,,,,,,,,,
  3:12:32 PM,94,,,,,,,,,
  3:12:35 PM,94,,,,,,,,,
  3:12:38 PM,94,,,,,,,,,
  3:12:40 PM,91,,,,,,,,,
  3:12:43 PM,91,,,,,,,,,
  3:12:46 PM,91,,,,,,,,,
  3:12:49 PM,91,,,,,,,,,
  3:12:50 PM,90,,,,,,,,,
  3:12:53 PM,90,,,,,,,,,
  3:12:56 PM,90,,,,,,,,,
  3:12:59 PM,90,,,,,,,,,
  3:13:00 PM,89,,,,,,,,,
  3:13:03 PM,89,,,,,,,,,
  3:13:06 PM,89,,,,,,,,,
  3:13:09 PM,89,,,,,,,,,
  3:13:10 PM,88,,,,,,,,,
  3:13:13 PM,88,,,,,,,,,
  3:13:16 PM,88,,,,,,,,,
  3:13:19 PM,88,,,,,,,,,
  3:13:20 PM,90,,,,,,,,,
  3:13:23 PM,90,,,,,,,,,
  3:13:26 PM,90,,,,,,,,,
  3:13:30 PM,92,,,,,,,,,
  3:13:33 PM,92,,,,,,,,,
  3:13:36 PM,92,,,,,,,,,
  3:13:39 PM,92,,,,,,,,,
  3:13:40 PM,93,,,,,,,,,
  3:13:43 PM,93,,,,,,,,,
  3:13:46 PM,93,,,,,,,,,
  3:13:49 PM,93,,,,,,,,,
  3:13:50 PM,95,,,,,,,,,
  3:13:53 PM,95,,,,,,,,,
  3:13:56 PM,95,,,,,,,,,
  3:13:59 PM,95,,,,,,,,,
  3:14:00 PM,92,,,,,,,,,
  3:14:03 PM,92,,,,,,,,,
  3:14:06 PM,92,,,,,,,,,
  3:14:09 PM,92,,,,,,,,,
  3:14:10 PM,90,,,,,,,,,
  3:14:13 PM,90,,,,,,,,,
  3:14:16 PM,90,,,,,,,,,
  3:14:19 PM,90,,,,,,,,,
  3:14:20 PM,93,,,,,,,,,
  3:14:23 PM,93,,,,,,,,,
  3:14:26 PM,93,,,,,,,,,
  3:14:29 PM,93,,,,,,,,,
  3:14:30 PM,92,,,,,,,,,
  3:14:33 PM,92,,,,,,,,,
  3:14:36 PM,92,,,,,,,,,
  3:14:40 PM,91,,,,,,,,,
  3:14:43 PM,91,,,,,,,,,
  3:14:46 PM,91,,,,,,,,,
  3:14:49 PM,91,,,,,,,,,
  3:14:50 PM,89,,,,,,,,,
  3:14:53 PM,89,,,,,,,,,
  3:14:56 PM,89,,,,,,,,,
  3:14:59 PM,89,,,,,,,,,
  3:15:00 PM,90,,,,,,,,,
  3:15:03 PM,90,,,,,,,,,
  3:15:06 PM,90,,,,,,,,,
  3:15:09 PM,90,,,,,,,,,
  3:15:10 PM,91,,,,,,,,,
  3:15:13 PM,91,,,,,,,,,
  3:15:16 PM,91,,,,,,,,,
  3:15:19 PM,91,,,,,,,,,
  3:15:20 PM,89,,,,,,,,,
  3:15:23 PM,89,,,,,,,,,
  3:15:26 PM,89,,,,,,,,,
  3:15:29 PM,89,,,,,,,,,
  3:15:30 PM,92,,,,,,,,,
  3:15:33 PM,92,,,,,,,,,
  3:15:36 PM,92,,,,,,,,,
  3:15:39 PM,92,,,,,,,,,
  3:15:40 PM,93,,,,,,,,,
  3:15:43 PM,93,,,,,,,,,
  3:15:46 PM,93,,,,,,,,,
  3:15:50 PM,90,,,,,,,,,
  3:15:53 PM,90,,,,,,,,,
  3:15:56 PM,90,,,,,,,,,
  3:15:59 PM,90,,,,,,,,,
  3:16:02 PM,90,,,,,,,,,
  3:16:05 PM,90,,,,,,,,,
  3:16:08 PM,90,,,,,,,,,
  3:16:10 PM,93,,,,,,,,,
  3:16:13 PM,93,,,,,,,,,
  3:16:15 PM,91,,,,,,,,,
  3:16:16 PM,91,,,,,,,,,
  3:16:19 PM,91,,,,,,,,,
  3:16:22 PM,91,,,,,,,,,
  3:16:25 PM,91,,,,,,,,,
  3:16:28 PM,91,,,,,,,,,
  3:16:29 PM,90,,,,,,,,,
  3:16:32 PM,90,,,,,,,,,
  3:16:35 PM,89,,,,,,,,,
  3:16:38 PM,89,,,,,,,,,
  3:16:41 PM,89,,,,,,,,,
  3:16:42 PM,88,,,,,,,,,
  3:16:45 PM,88,,,,,,,,,
  3:16:50 PM,87,,,,,,,,,
  3:17:05 PM,87,,,,,,,,,
  3:17:15 PM,88,,,,,,,,,
  3:17:30 PM,88,,,,,,,,,
  3:17:45 PM,88,,,,,,,,,
  3:18:00 PM,88,,,,,,,,,
  3:18:15 PM,88,,,,,,,,,
  3:18:30 PM,88,,,,,,,,,
  3:18:45 PM,88,,,,,,,,,
  3:18:50 PM,88,,,,,,,,,
  3:19:05 PM,88,,,,,,,,,
  3:19:10 PM,90,,,,,,,,,
  3:19:15 PM,91,,,,,,,,,
  3:19:25 PM,92,,,,,,,,,
  3:19:35 PM,90,,,,,,,,,
  3:19:40 PM,89,,,,,,,,,
  3:19:50 PM,90,,,,,,,,,
  3:20:00 PM,79,,,,,,,,,
  3:20:05 PM,80,,,,,,,,,
  3:20:20 PM,78,,,,,,,,,
  3:20:25 PM,74,,,,,,,,,
  3:20:30 PM,73,,,,,,,,,
  3:20:40 PM,74,,,,,,,,,
  3:20:55 PM,73,,,,,,,,,
  3:21:10 PM,72,,,,,,,,,
  3:21:15 PM,72,,,,,,,,,
  3:21:30 PM,72,,,,,,,,,
  3:21:46 PM,72,,,,,,,,,
  3:21:49 PM,72,,,,,,,,,
  3:21:52 PM,72,,,,,,,,,
  3:21:55 PM,72,,,,,,,,,
  3:21:58 PM,72,,,,,,,,,
  3:22:01 PM,72,,,,,,,,,
  3:22:04 PM,72,,,,,,,,,
  3:22:07 PM,72,,,,,,,,,
  3:22:10 PM,72,,,,,,,,,
  3:22:12 PM,73,,,,,,,,,
  3:22:13 PM,74,,,,,,,,,
  3:22:16 PM,74,,,,,,,,,
  3:22:19 PM,74,,,,,,,,,
  3:22:20 PM,91,,,,,,,,,
  3:22:23 PM,91,,,,,,,,,
  3:22:24 PM,90,,,,,,,,,
  3:22:27 PM,89,,,,,,,,,
  3:22:30 PM,89,,,,,,,,,
  3:22:33 PM,88,,,,,,,,,
  3:22:36 PM,88,,,,,,,,,
  3:22:39 PM,88,,,,,,,,,
  3:22:40 PM,84,,,,,,,,,
  3:22:43 PM,84,,,,,,,,,
  3:22:46 PM,84,,,,,,,,,
  3:22:49 PM,84,,,,,,,,,
  3:22:50 PM,74,,,,,,,,,
  3:22:53 PM,74,,,,,,,,,
  3:22:56 PM,74,,,,,,,,,
  3:22:59 PM,74,,,,,,,,,
  3:23:00 PM,73,,,,,,,,,
  3:23:03 PM,73,,,,,,,,,
  3:23:06 PM,72,,,,,,,,,
  3:23:09 PM,72,,,,,,,,,
  3:23:12 PM,71,,,,,,,,,
  3:23:14 PM,70,,,,,,,,,
  3:23:17 PM,70,,,,,,,,,
  3:23:20 PM,71,,,,,,,,,
  3:23:23 PM,71,,,,,,,,,
  3:23:26 PM,71,,,,,,,,,
  3:23:29 PM,71,,,,,,,,,
  3:23:30 PM,73,,,,,,,,,
  3:23:33 PM,73,,,,,,,,,
  3:23:36 PM,73,,,,,,,,,
  3:23:39 PM,73,,,,,,,,,
  3:23:42 PM,73,,,,,,,,,
  3:23:45 PM,73,,,,,,,,,
  3:23:48 PM,73,,,,,,,,,
  3:23:50 PM,72,,,,,,,,,
  3:23:53 PM,72,,,,,,,,,
  3:23:56 PM,72,,,,,,,,,
  3:23:59 PM,72,,,,,,,,,
  3:24:02 PM,72,,,,,,,,,
  3:24:03 PM,72,,,,,,,,,
  3:24:06 PM,72,,,,,,,,,
  3:24:09 PM,72,,,,,,,,,
  3:24:12 PM,72,,,,,,,,,
  3:24:15 PM,72,,,,,,,,,
  3:24:18 PM,72,,,,,,,,,
  3:24:20 PM,73,,,,,,,,,
  3:24:23 PM,73,,,,,,,,,
  3:24:26 PM,73,,,,,,,,,
  3:24:29 PM,73,,,,,,,,,
  3:24:30 PM,70,,,,,,,,,
  3:24:33 PM,70,,,,,,,,,
  3:24:36 PM,70,,,,,,,,,
  3:24:39 PM,70,,,,,,,,,
  3:24:40 PM,73,,,,,,,,,
  3:24:43 PM,73,,,,,,,,,
  3:24:46 PM,73,,,,,,,,,
  3:24:48 PM,75,,,,,,,,,
  3:24:51 PM,75,,,,,,,,,
  3:24:53 PM,74,,,,,,,,,
  3:24:56 PM,73,,,,,,,,,
  3:24:59 PM,73,,,,,,,,,
  3:25:02 PM,73,,,,,,,,,
  3:25:05 PM,73,,,,,,,,,
  3:25:08 PM,73,,,,,,,,,
  3:25:11 PM,73,,,,,,,,,
  3:25:14 PM,73,,,,,,,,,
  3:25:20 PM,84,,,,,,,,,
  3:25:23 PM,84,,,,,,,,,
  3:25:26 PM,84,,,,,,,,,
  3:25:29 PM,84,,,,,,,,,
  3:25:30 PM,75,,,,,,,,,
  3:25:33 PM,75,,,,,,,,,
  3:25:36 PM,75,,,,,,,,,
  3:25:39 PM,75,,,,,,,,,
  3:25:40 PM,76,,,,,,,,,
  3:25:43 PM,76,,,,,,,,,
  3:25:44 PM,77,,,,,,,,,
  3:25:45 PM,77,,,,,,,,,
  3:25:48 PM,77,,,,,,,,,
  3:25:49 PM,76,,,,,,,,,
  3:25:52 PM,76,,,,,,,,,
  3:25:55 PM,76,,,,,,,,,
  3:25:58 PM,76,,,,,,,,,
  3:26:00 PM,80,,,,,,,,,
  3:26:03 PM,80,,,,,,,,,
  3:26:06 PM,80,,,,,,,,,
  3:26:09 PM,80,,,,,,,,,
  3:26:10 PM,85,,,,,,,,,
  3:26:13 PM,85,,,,,,,,,
  3:26:16 PM,85,,,,,,,,,
  3:26:19 PM,85,,,,,,,,,
  3:26:20 PM,86,,,,,,,,,
  3:26:21 PM,86,,,,,,,,,
  3:26:24 PM,86,,,,,,,,,
  3:26:26 PM,87,,,,,,,,,
  3:26:29 PM,87,,,,,,,,,
  3:26:31 PM,86,,,,,,,,,
  3:26:34 PM,85,,,,,,,,,
  3:26:37 PM,85,,,,,,,,,
  3:26:40 PM,79,,,,,,,,,
  3:26:43 PM,79,,,,,,,,,
  3:26:46 PM,79,,,,,,,,,
  3:26:49 PM,79,,,,,,,,,
  3:26:52 PM,79,,,,,,,,,
  3:26:55 PM,79,,,,,,,,,
  3:26:58 PM,80,,,,,,,,,
  3:27:00 PM,81,,,,,,,,,
  3:27:02 PM,81,,,,,,,,,
  3:27:05 PM,81,,,,,,,,,
  3:27:08 PM,80,,,,,,,,,
  3:27:11 PM,80,,,,,,,,,
  3:27:14 PM,81,,,,,,,,,
  3:27:16 PM,80,,,,,,,,,
  3:27:18 PM,79,,,,,,,,,
  3:27:19 PM,77,,,,,,,,,
  3:27:20 PM,76,,,,,,,,,
  3:27:23 PM,76,,,,,,,,,
  3:27:26 PM,76,,,,,,,,,
  3:27:27 PM,75,,,,,,,,,
  3:27:28 PM,75,,,,,,,,,
  3:27:30 PM,74,,,,,,,,,
  3:27:33 PM,74,,,,,,,,,
  3:27:36 PM,74,,,,,,,,,
  3:27:39 PM,74,,,,,,,,,
  3:27:40 PM,80,,,,,,,,,
  3:27:43 PM,80,,,,,,,,,
  3:27:46 PM,80,,,,,,,,,
  3:27:49 PM,80,,,,,,,,,
  3:27:50 PM,79,,,,,,,,,
  3:27:53 PM,79,,,,,,,,,
  3:27:56 PM,79,,,,,,,,,
  3:27:59 PM,79,,,,,,,,,
  3:28:00 PM,78,,,,,,,,,
  3:28:03 PM,78,,,,,,,,,
  3:28:06 PM,78,,,,,,,,,
  3:28:09 PM,78,,,,,,,,,
  3:28:10 PM,79,,,,,,,,,
  3:28:13 PM,79,,,,,,,,,
  3:28:16 PM,79,,,,,,,,,
  3:28:19 PM,79,,,,,,,,,
  3:28:20 PM,78,,,,,,,,,
  3:28:23 PM,78,,,,,,,,,
  3:28:26 PM,78,,,,,,,,,
  3:28:28 PM,79,,,,,,,,,
  3:28:31 PM,79,,,,,,,,,
  3:28:34 PM,79,,,,,,,,,
  3:28:38 PM,79,,,,,,,,,
  3:28:41 PM,79,,,,,,,,,
  3:28:44 PM,79,,,,,,,,,
  3:28:47 PM,79,,,,,,,,,
  3:28:50 PM,78,,,,,,,,,
  3:28:53 PM,78,,,,,,,,,
  3:28:56 PM,78,,,,,,,,,
  3:28:59 PM,78,,,,,,,,,
  3:29:00 PM,82,,,,,,,,,
  3:29:03 PM,82,,,,,,,,,
  3:29:06 PM,81,,,,,,,,,
  3:29:09 PM,81,,,,,,,,,
  3:29:10 PM,80,,,,,,,,,
  3:29:13 PM,81,,,,,,,,,
  3:29:16 PM,81,,,,,,,,,
  3:29:19 PM,81,,,,,,,,,
  3:29:20 PM,82,,,,,,,,,
  3:29:23 PM,82,,,,,,,,,
  3:29:26 PM,82,,,,,,,,,
  3:29:29 PM,82,,,,,,,,,
  3:29:30 PM,80,,,,,,,,,
  3:29:33 PM,80,,,,,,,,,
  3:29:36 PM,80,,,,,,,,,
  3:29:39 PM,80,,,,,,,,,
  3:29:42 PM,80,,,,,,,,,
  3:29:45 PM,80,,,,,,,,,
  3:29:48 PM,80,,,,,,,,,
  3:29:50 PM,70,,,,,,,,,
  3:29:53 PM,70,,,,,,,,,
  3:29:56 PM,70,,,,,,,,,
  3:29:59 PM,70,,,,,,,,,
  3:30:00 PM,71,,,,,,,,,
  3:30:03 PM,71,,,,,,,,,
  3:30:06 PM,71,,,,,,,,,
  3:30:09 PM,71,,,,,,,,,
  3:30:12 PM,71,,,,,,,,,
  3:30:15 PM,71,,,,,,,,,
  3:30:18 PM,71,,,,,,,,,
  3:30:21 PM,71,,,,,,,,,
  3:30:24 PM,71,,,,,,,,,
  3:30:27 PM,71,,,,,,,,,
  3:30:30 PM,76,,,,,,,,,
  3:30:33 PM,76,,,,,,,,,
  3:30:36 PM,76,,,,,,,,,
  3:30:39 PM,78,,,,,,,,,
  3:30:42 PM,78,,,,,,,,,
  3:30:45 PM,78,,,,,,,,,
  3:30:48 PM,78,,,,,,,,,
  3:30:51 PM,78,,,,,,,,,
  3:30:54 PM,78,,,,,,,,,
  3:30:56 PM,77,,,,,,,,,
  3:30:59 PM,77,,,,,,,,,
  3:31:00 PM,72,,,,,,,,,
  3:31:03 PM,70,,,,,,,,,
  3:31:04 PM,69,,,,,,,,,
  3:31:07 PM,69,,,,,,,,,
  3:31:10 PM,69,,,,,,,,,
  3:31:13 PM,69,,,,,,,,,
  3:31:16 PM,69,,,,,,,,,
  3:31:19 PM,69,,,,,,,,,
  3:31:20 PM,73,,,,,,,,,
  3:31:23 PM,73,,,,,,,,,
  3:31:26 PM,73,,,,,,,,,
  3:31:29 PM,73,,,,,,,,,
  3:31:30 PM,79,,,,,,,,,
  3:31:33 PM,79,,,,,,,,,
  3:31:36 PM,79,,,,,,,,,
  3:31:39 PM,79,,,,,,,,,
  3:31:40 PM,83,,,,,,,,,
  3:31:43 PM,83,,,,,,,,,
  3:31:46 PM,83,,,,,,,,,
  3:31:49 PM,83,,,,,,,,,
  3:31:50 PM,90,,,,,,,,,
  3:31:53 PM,90,,,,,,,,,
  3:31:56 PM,90,,,,,,,,,
  3:31:59 PM,90,,,,,,,,,
  3:32:00 PM,83,,,,,,,,,
  3:32:03 PM,83,,,,,,,,,
  3:32:06 PM,83,,,,,,,,,
  3:32:09 PM,83,,,,,,,,,
  3:32:12 PM,83,,,,,,,,,
  3:32:14 PM,81,,,,,,,,,
  3:32:15 PM,81,,,,,,,,,
  3:32:18 PM,81,,,,,,,,,
  3:32:21 PM,81,,,,,,,,,
  3:32:24 PM,81,,,,,,,,,
  3:32:27 PM,81,,,,,,,,,
  3:32:30 PM,84,,,,,,,,,
  3:32:33 PM,84,,,,,,,,,
  3:32:36 PM,84,,,,,,,,,
  3:32:39 PM,84,,,,,,,,,
  3:32:40 PM,75,,,,,,,,,
  3:32:43 PM,75,,,,,,,,,
  3:32:46 PM,75,,,,,,,,,
  3:32:47 PM,72,,,,,,,,,
  3:32:49 PM,71,,,,,,,,,
  3:32:52 PM,72,,,,,,,,,
  3:32:54 PM,73,,,,,,,,,
  3:32:56 PM,74,,,,,,,,,
  3:32:59 PM,74,,,,,,,,,
  3:33:00 PM,75,,,,,,,,,
  3:33:03 PM,75,,,,,,,,,
  3:33:06 PM,75,,,,,,,,,
  3:33:09 PM,75,,,,,,,,,
  3:33:12 PM,75,,,,,,,,,
  3:33:15 PM,75,,,,,,,,,
  3:33:18 PM,75,,,,,,,,,
  3:33:20 PM,73,,,,,,,,,
  3:33:23 PM,73,,,,,,,,,
  3:33:26 PM,73,,,,,,,,,
  3:33:29 PM,73,,,,,,,,,
  3:33:32 PM,73,,,,,,,,,
  3:33:35 PM,73,,,,,,,,,
  3:33:38 PM,73,,,,,,,,,
  3:33:40 PM,75,,,,,,,,,
  3:33:43 PM,75,,,,,,,,,
  3:33:46 PM,75,,,,,,,,,
  3:33:49 PM,75,,,,,,,,,
  3:33:50 PM,73,,,,,,,,,
  3:33:53 PM,73,,,,,,,,,
  3:33:56 PM,73,,,,,,,,,
  3:33:59 PM,73,,,,,,,,,
  3:34:00 PM,76,,,,,,,,,
  3:34:03 PM,76,,,,,,,,,
  3:34:06 PM,76,,,,,,,,,
  3:34:09 PM,76,,,25.11357274,77.24092409,,16.68140988,66.79268293,1905,2314
  3:34:10 PM,79,,,14.02875778,77.27306273,,7.563578723,65.30123457,2315,2719
  3:34:13 PM,79,,,,,,,,,
  3:34:16 PM,79,,,,,,,,,
  3:34:19 PM,79,,,,,,,,,
  3:34:20 PM,83,,,,,,,,,
  3:34:23 PM,83,,,,,,,,,
  3:34:26 PM,83,,,,,,,,,
  3:34:29 PM,83,,,,,,,,,
  3:34:30 PM,80,,,,,,,,,
  3:34:32 PM,80,,,,,,,,,
  3:34:35 PM,80,,,,,,,,,
  3:34:38 PM,80,,,,,,,,,
  3:34:41 PM,80,,,,,,,,,
  3:34:44 PM,80,,,,,,,,,
  3:34:47 PM,80,,,,,,,,,
  3:34:50 PM,80,,,,,,,,,
  3:34:53 PM,80,,,,,,,,,
  3:34:56 PM,80,,,,,,,,,
  3:34:59 PM,80,,,,,,,,,
  3:35:02 PM,80,,,,,,,,,
  3:35:05 PM,80,,,,,,,,,
  3:35:07 PM,79,,,,,,,,,
  3:35:08 PM,79,,,,,,,,,
  3:35:11 PM,79,,,,,,,,,
  3:35:14 PM,79,,,,,,,,,
  3:35:17 PM,79,,,,,,,,,
  3:35:20 PM,79,,,,,,,,,
  3:35:23 PM,79,,,,,,,,,
  3:35:26 PM,79,,,,,,,,,
  3:35:29 PM,79,,,,,,,,,
  3:35:30 PM,78,,,,,,,,,
  3:35:33 PM,78,,,,,,,,,
  3:35:36 PM,78,,,,,,,,,
  3:35:39 PM,78,,,,,,,,,
  3:35:40 PM,77,,,,,,,,,
  3:35:50 PM,80,,,,,,,,,
  3:35:53 PM,80,,,,,,,,,
  3:35:56 PM,80,,,,,,,,,
  3:35:59 PM,80,,,,,,,,,
  3:36:02 PM,80,,,,,,,,,
  3:36:05 PM,80,,,,,,,,,
  3:36:08 PM,80,,,,,,,,,
  3:36:09 PM,79,,,,,,,,,
  3:36:10 PM,79,,,,,,,,,
  3:36:13 PM,79,,,,,,,,,
  3:36:16 PM,79,,,,,,,,,
  3:36:19 PM,79,,,,,,,,,
  3:36:22 PM,79,,,,,,,,,
  3:36:25 PM,79,,,,,,,,,
  3:36:28 PM,79,,,,,,,,,
  3:36:30 PM,79,,,,,,,,,
  3:36:33 PM,79,,,,,,,,,
  3:36:34 PM,77,,,,,,,,,
  3:36:36 PM,77,,,,,,,,,
  3:36:38 PM,77,,,,,,,,,
  3:36:39 PM,78,,,,,,,,,
  3:36:40 PM,79,,,,,,,,,
  3:36:41 PM,79,,,,,,,,,
  3:36:43 PM,80,,,,,,,,,
  3:36:46 PM,80,,,,,,,,,
  3:36:49 PM,80,,,,,,,,,
  3:36:50 PM,81,,,,,,,,,
  3:37:00 PM,78,,,,,,,,,
  3:37:03 PM,78,,,,,,,,,
  3:37:06 PM,78,,,,,,,,,
  3:37:09 PM,78,,,,,,,,,
  3:37:10 PM,76,,,,,,,,,
  3:37:13 PM,76,,,,,,,,,
  3:37:16 PM,76,,,,,,,,,
  3:37:18 PM,78,,,,,,,,,
  3:37:19 PM,79,,,,,,,,,
  3:37:22 PM,79,,,,,,,,,
  3:37:25 PM,79,,,,,,,,,
  3:37:27 PM,80,,,,,,,,,
  3:37:30 PM,81,,,,,,,,,
  3:37:32 PM,80,,,,,,,,,
  3:37:34 PM,79,,,,,,,,,
  3:37:37 PM,80,,,,,,,,,
  3:37:39 PM,81,,,,,,,,,
  3:37:40 PM,82,,,,,,,,,
  3:37:43 PM,82,,,,,,,,,
  3:37:46 PM,82,,,,,,,,,
  3:37:49 PM,82,,,,,,,,,
  3:37:50 PM,80,,,,,,,,,
  3:37:53 PM,80,,,,,,,,,
  3:37:56 PM,80,,,,,,,,,
  3:37:59 PM,80,,,,,,,,,
  3:38:00 PM,75,,,,,,,,,
  3:38:03 PM,75,,,,,,,,,
  3:38:10 PM,77,,,,,,,,,
  3:38:13 PM,77,,,,,,,,,
  3:38:16 PM,77,,,,,,,,,
  3:38:19 PM,77,,,,,,,,,
  3:38:20 PM,76,,,,,,,,,
  3:38:23 PM,76,,,,,,,,,
  3:38:26 PM,76,,,,,,,,,
  3:38:29 PM,76,,,,,,,,,
  3:38:30 PM,75,,,,,,,,,
  3:38:33 PM,75,,,,,,,,,
  3:38:36 PM,75,,,,,,,,,
  3:38:39 PM,75,,,,,,,,,
  3:38:40 PM,72,,,,,,,,,
  3:38:43 PM,72,,,,,,,,,
  3:38:46 PM,72,,,,,,,,,
  3:38:49 PM,72,,,,,,,,,
  3:38:50 PM,76,,,,,,,,,
  3:38:53 PM,76,,,,,,,,,
  3:38:56 PM,76,,,,,,,,,
  3:38:59 PM,76,,,,,,,,,
  3:39:00 PM,79,,,,,,,,,
  3:39:03 PM,79,,,,,,,,,
  3:39:06 PM,79,,,,,,,,,
  3:39:09 PM,79,,,,,,,,,
  3:39:10 PM,79,,,,,,,,,
  3:39:13 PM,79,,,,,,,,,
  3:39:16 PM,79,,,,,,,,,
  3:39:20 PM,74,,,,,,,,,
  3:39:23 PM,74,,,,,,,,,
  3:39:26 PM,74,,,,,,,,,
  3:39:29 PM,74,,,,,,,,,
  3:39:30 PM,73,,,,,,,,,
  3:39:33 PM,73,,,,,,,,,
  3:39:36 PM,73,,,,,,,,,
  3:39:39 PM,73,,,,,,,,,
  3:39:40 PM,74,,,,,,,,,
  3:39:43 PM,74,,,,,,,,,
  3:39:46 PM,74,,,,,,,,,
  3:39:49 PM,74,,,,,,,,,
  3:39:52 PM,74,,,,,,,,,
  3:39:55 PM,74,,,,,,,,,
  3:39:58 PM,74,,,,,,,,,
  3:40:00 PM,75,,,,,,,,,
  3:40:03 PM,75,,,,,,,,,
  3:40:06 PM,75,,,,,,,,,
  3:40:09 PM,75,,,,,,,,,
  3:40:10 PM,76,,,,,,,,,
  3:40:13 PM,76,,,,,,,,,
  3:40:16 PM,76,,,,,,,,,
  3:40:19 PM,76,,,,,,,,,
  3:40:22 PM,76,,,,,,,,,
  3:40:25 PM,76,,,,,,,,,
  3:40:28 PM,76,,,,,,,,,
  3:40:31 PM,76,,,,,,,,,
  3:40:40 PM,76,,,,,,,,,
  3:40:43 PM,76,,,,,,,,,
  3:40:46 PM,76,,,,,,,,,
  3:40:49 PM,76,,,,,,,,,
  3:40:52 PM,76,,,,,,,,,
  3:40:55 PM,76,,,,,,,,,
  3:40:58 PM,76,,,,,,,,,
  3:41:00 PM,75,,,,,,,,,
  3:41:03 PM,75,,,,,,,,,
  3:41:06 PM,75,,,,,,,,,
  3:41:09 PM,75,,,,,,,,,
  3:41:10 PM,79,,,,,,,,,
  3:41:13 PM,79,,,,,,,,,
  3:41:16 PM,79,,,,,,,,,
  3:41:19 PM,79,,,,,,,,,
  3:41:20 PM,78,,,,,,,,,
  3:41:23 PM,78,,,,,,,,,
  3:41:26 PM,78,,,,,,,,,
  3:41:28 PM,78,,,,,,,,,
  3:41:31 PM,79,,,,,,,,,
  3:41:34 PM,79,,,,,,,,,
  3:41:37 PM,79,,,,,,,,,
  3:41:40 PM,79,,,,,,,,,
  3:41:43 PM,81,,,,,,,,,
  3:41:46 PM,81,,,,,,,,,
  3:41:48 PM,82,,,,,,,,,
  3:41:51 PM,81,,,,,,,,,
  3:41:52 PM,81,,,,,,,,,
  3:41:55 PM,81,,,,,,,,,
  3:41:58 PM,81,,,,,,,,,
  3:42:00 PM,76,,,,,,,,,
  3:42:03 PM,76,,,,,,,,,
  3:42:06 PM,76,,,,,,,,,
  3:42:09 PM,76,,,,,,,,,
  3:42:10 PM,74,,,,,,,,,
  3:42:13 PM,74,,,,,,,,,
  3:42:16 PM,74,,,,,,,,,
  3:42:19 PM,74,,,,,,,,,
  3:42:20 PM,72,,,,,,,,,
  3:42:23 PM,72,,,,,,,,,
  3:42:26 PM,72,,,,,,,,,
  3:42:29 PM,72,,,,,,,,,
  3:42:30 PM,68,,,,,,,,,
  3:42:33 PM,68,,,,,,,,,
  3:42:36 PM,68,,,,,,,,,
  3:42:39 PM,68,,,,,,,,,
  3:42:40 PM,71,,,,,,,,,
  3:42:43 PM,71,,,,,,,,,
  3:42:46 PM,71,,,,,,,,,
  3:42:49 PM,71,,,,,,,,,
  3:42:50 PM,73,,,,,,,,,
  3:42:53 PM,73,,,,,,,,,
  3:42:56 PM,73,,,,,,,,,
  3:42:59 PM,73,,,,,,,,,
  3:43:00 PM,74,,,,,,,,,
  3:43:03 PM,74,,,,,,,,,
  3:43:06 PM,74,,,,,,,,,
  3:43:09 PM,74,,,,,,,,,
  3:43:10 PM,75,,,,,,,,,
  3:43:13 PM,75,,,,,,,,,
  3:43:16 PM,75,,,,,,,,,
  3:43:19 PM,75,,,,,,,,,
  3:43:20 PM,74,,,,,,,,,
  3:43:23 PM,74,,,,,,,,,
  3:43:26 PM,74,,,,,,,,,
  3:43:29 PM,74,,,,,,,,,
  3:43:30 PM,72,,,,,,,,,
  3:43:33 PM,72,,,,,,,,,
  3:43:36 PM,72,,,,,,,,,
  3:43:39 PM,72,,,,,,,,,
  3:43:40 PM,73,,,,,,,,,
  3:43:43 PM,73,,,,,,,,,
  3:43:46 PM,73,,,,,,,,,
  3:43:49 PM,73,,,,,,,,,
  3:43:52 PM,73,,,,,,,,,
  3:43:55 PM,73,,,,,,,,,
  3:43:58 PM,73,,,,,,,,,
  3:44:00 PM,71,,,,,,,,,
  3:44:03 PM,71,,,,,,,,,
  3:44:06 PM,71,,,,,,,,,
  3:44:09 PM,71,,,,,,,,,
  3:44:10 PM,73,,,,,,,,,
  3:44:13 PM,73,,,,,,,,,
  3:44:16 PM,73,,,,,,,,,
  3:44:19 PM,73,,,,,,,,,
  3:44:20 PM,77,,,,,,,,,
  3:44:23 PM,77,,,,,,,,,
  3:44:26 PM,77,,,,,,,,,
  3:44:29 PM,77,,,,,,,,,
  3:44:30 PM,78,,,,,,,,,
  3:44:33 PM,78,,,,,,,,,
  3:44:36 PM,78,,,,,,,,,
  3:44:39 PM,78,,,,,,,,,
  3:44:40 PM,76,,,,,,,,,
  3:44:43 PM,74,,,,,,,,,
  3:44:46 PM,74,,,,,,,,,
  3:44:49 PM,74,,,,,,,,,
  3:44:50 PM,73,,,,,,,,,
  3:44:51 PM,74,,,,,,,,,
  3:44:54 PM,74,,,,,,,,,
  3:44:55 PM,75,,,,,,,,,
  3:44:57 PM,79,,,,,,,,,
  3:44:59 PM,80,,,,,,,,,
  3:45:00 PM,82,,,,,,,,,
  3:45:01 PM,83,,,,,,,,,
  3:45:02 PM,83,,,,,,,,,
  3:45:05 PM,84,,,,,,,,,
  3:45:08 PM,83,,,,,,,,,
  3:45:10 PM,81,,,,,,,,,
  3:45:13 PM,81,,,,,,,,,
  3:45:16 PM,81,,,,,,,,,
  3:45:19 PM,81,,,,,,,,,
  3:45:20 PM,78,,,,,,,,,
  3:45:23 PM,78,,,,,,,,,
  3:45:26 PM,78,,,,,,,,,
  3:45:29 PM,78,,,,,,,,,
  3:45:30 PM,78,,,,,,,,,
  3:45:33 PM,78,,,,,,,,,
  3:45:36 PM,78,,,,,,,,,
  3:45:39 PM,78,,,,,,,,,
  3:45:40 PM,86,,,,,,,,,
  3:45:43 PM,86,,,,,,,,,
  3:45:45 PM,81,,,,,,,,,
  3:45:48 PM,81,,,,,,,,,
  3:45:51 PM,81,,,,,,,,,
  3:45:54 PM,80,,,,,,,,,
  3:45:56 PM,79,,,,,,,,,
  3:45:59 PM,78,,,,,,,,,
  3:46:05 PM,80,,,,,,,,,
  3:46:10 PM,83,,,,,,,,,
  3:46:15 PM,85,,,,,,,,,
  3:46:20 PM,86,,,,,,,,,
  3:46:35 PM,86,,,,,,,,,
  3:46:50 PM,86,,,,,,,,,
  3:46:55 PM,87,,,,,,,,,
  3:47:10 PM,87,,,,,,,,,
  3:47:20 PM,87,,,,,,,,,
  3:47:30 PM,86,,,,,,,,,
  3:47:45 PM,86,,,,,,,,,
  3:47:50 PM,85,,,,,,,,,
  3:47:55 PM,85,,,,,,,,,
  3:48:10 PM,84,,,,,,,,,
  3:48:15 PM,81,,,,,,,,,
  3:48:30 PM,81,,,,,,,,,
  3:48:35 PM,82,,,,,,,,,
  3:48:45 PM,84,,,,,,,,,
  3:48:50 PM,82,,,,,,,,,
  3:49:05 PM,82,,,,,,,,,
  3:49:10 PM,73,,,,,,,,,
  3:49:25 PM,73,,,,,,,,,
  3:49:30 PM,74,,,,,,,,,
  3:49:35 PM,76,,,,,,,,,
  3:49:40 PM,75,,,,,,,,,
  3:49:45 PM,74,,,,,,,,,
  3:49:50 PM,73,,,,,,,,,
  3:49:55 PM,69,,,,,,,,,
  3:50:00 PM,68,,,,,,,,,
  3:50:10 PM,66,,,,,,,,,
  3:50:20 PM,67,,,,,,,,,
  3:50:21 PM,66,,,,,,,,,
  3:50:24 PM,65,,,,,,,,,
  3:50:27 PM,64,,,,,,,,,
  3:50:30 PM,64,,,,,,,,,
  3:50:33 PM,65,,,,,,,,,
  3:50:36 PM,65,,,,,,,,,
  3:50:39 PM,65,,,,,,,,,
  3:50:42 PM,65,,,,,,,,,
  3:50:43 PM,67,,,,,,,,,
  3:50:44 PM,69,,,,,,,,,
  3:50:46 PM,71,,,,,,,,,
  3:50:47 PM,72,,,,,,,,,
  3:50:48 PM,71,,,,,,,,,
  3:50:51 PM,72,,,,,,,,,
  3:50:54 PM,72,,,,,,,,,
  3:50:57 PM,72,,,,,,,,,
  3:51:00 PM,72,,,,,,,,,
  3:51:03 PM,72,,,,,,,,,
  3:51:05 PM,71,,,,,,,,,
  3:51:08 PM,71,,,,,,,,,
  3:51:11 PM,71,,,,,,,,,
  3:51:14 PM,71,,,,,,,,,
  3:51:17 PM,70,,,,,,,,,
  3:51:20 PM,69,,,,,,,,,
  3:51:23 PM,68,,,,,,,,,
  3:51:24 PM,68,,,,,,,,,
  3:51:25 PM,68,,,,,,,,,
  3:51:28 PM,68,,,,,,,,,
  3:51:31 PM,68,,,,,,,,,
  3:51:34 PM,68,,,,,,,,,
  3:51:37 PM,68,,,,,,,,,
  3:51:38 PM,69,,,,,,,,,
  3:51:40 PM,72,,,,,,,,,
  3:51:41 PM,73,,,,,,,,,
  3:51:42 PM,74,,,,,,,,,
  3:51:44 PM,74,,,,,,,,,
  3:51:45 PM,73,,,,,,,,,
  3:51:48 PM,73,,,,,,,,,
  3:51:49 PM,72,,,,,,,,,
  3:51:50 PM,69,,,,,,,,,
  3:51:53 PM,69,,,,,,,,,
  3:51:56 PM,69,,,,,,,,,
  3:51:57 PM,65,,,,,,,,,
  3:51:58 PM,65,,,,,,,,,
  3:52:01 PM,65,,,,,,,,,
  3:52:04 PM,65,,,,,,,,,
  3:52:07 PM,65,,,,,,,,,
  3:52:09 PM,66,,,,,,,,,
  3:52:11 PM,65,,,,,,,,,
  3:52:14 PM,65,,,,,,,,,
  3:52:16 PM,66,,,,,,,,,
  3:52:18 PM,67,,,,,,,,,
  3:52:21 PM,67,,,,,,,,,
  3:52:30 PM,66,,,,,,,,,
  3:52:33 PM,66,,,,,,,,,
  3:52:36 PM,66,,,,,,,,,
  3:52:39 PM,66,,,,,,,,,
  3:52:42 PM,66,,,,,,,,,
  3:52:45 PM,65,,,,,,,,,
  3:52:48 PM,65,,,,,,,,,
  3:52:50 PM,64,,,,,,,,,
  3:52:53 PM,64,,,,,,,,,
  3:52:56 PM,64,,,,,,,,,
  3:52:59 PM,64,,,,,,,,,
  3:53:00 PM,65,,,,,,,,,
  3:53:03 PM,65,,,,,,,,,
  3:53:06 PM,65,,,,,,,,,
  3:53:09 PM,65,,,,,,,,,
  3:53:10 PM,66,,,,,,,,,
  3:53:13 PM,66,,,,,,,,,
  3:53:16 PM,66,,,,,,,,,
  3:53:19 PM,66,,,,,,,,,
  3:53:22 PM,66,,,,,,,,,
  3:53:25 PM,66,,,,,,,,,
  3:53:28 PM,66,,,,,,,,,
  3:53:30 PM,65,,,,,,,,,
  3:53:32 PM,65,,,,,,,,,
  3:53:35 PM,65,,,,,,,,,
  3:53:38 PM,65,,,,,,,,,
  3:53:41 PM,65,,,,,,,,,
  3:53:43 PM,66,,,,,,,,,
  3:53:46 PM,66,,,,,,,,,
  3:53:49 PM,66,,,,,,,,,
  3:53:50 PM,65,,,,,,,,,
  3:53:53 PM,65,,,,,,,,,
  3:53:56 PM,65,,,,,,,,,
  3:53:58 PM,64,,,,,,,,,
  3:54:00 PM,65,,,,,,,,,
  3:54:01 PM,70,,,,,,,,,
  3:54:02 PM,71,,,,,,,,,
  3:54:04 PM,72,,,,,,,,,
  3:54:07 PM,72,,,,,,,,,
  3:54:10 PM,71,,,,,,,,,
  3:54:13 PM,71,,,,,,,,,
  3:54:14 PM,71,,,,,,,,,
  3:54:15 PM,71,,,,,,,,,
  3:54:18 PM,71,,,,,,,,,
  3:54:21 PM,72,,,,,,,,,
  3:54:24 PM,72,,,,,,,,,
  3:54:26 PM,71,,,,,,,,,
  3:54:29 PM,71,,,,,,,,,
  3:54:30 PM,72,,,,,,,,,
  3:54:33 PM,72,,,,,,,,,
  3:54:35 PM,71,,,,,,,,,
  3:54:38 PM,70,,,,,,,,,
  3:54:41 PM,70,,,,,,,,,
  3:54:44 PM,70,,,,,,,,,
  3:54:45 PM,70,,,,,,,,,
  3:54:48 PM,70,,,,,,,,,
  3:54:51 PM,70,,,,,,,,,
  3:54:54 PM,70,,,,,,,,,
  3:54:57 PM,70,,,,,,,,,
  3:55:00 PM,73,,,,,,,,,
  3:55:03 PM,73,,,,,,,,,
  3:55:06 PM,73,,,,,,,,,
  3:55:09 PM,73,,,,,,,,,
  3:55:10 PM,74,,,,,,,,,
  3:55:13 PM,74,,,,,,,,,
  3:55:16 PM,74,,,,,,,,,
  3:55:19 PM,74,,,,,,,,,
  3:55:20 PM,70,,,,,,,,,
  3:55:23 PM,70,,,,,,,,,
  3:55:26 PM,70,,,,,,,,,
  3:55:29 PM,70,,,,,,,,,
  3:55:32 PM,70,,,,,,,,,
  3:55:35 PM,70,,,,,,,,,
  3:55:38 PM,70,,,,,,,,,
  3:55:40 PM,71,,,,,,,,,
  3:55:43 PM,71,,,,,,,,,
  3:55:46 PM,71,,,,,,,,,
  3:55:49 PM,71,,,,,,,,,
  3:55:52 PM,71,,,,,,,,,
  3:55:55 PM,71,,,,,,,,,
  3:55:58 PM,71,,,,,,,,,
  3:55:59 PM,70,,,,,,,,,
  3:56:02 PM,70,,,,,,,,,
  3:56:05 PM,71,,,,,,,,,
  3:56:08 PM,71,,,,,,,,,
  3:56:10 PM,70,,,,,,,,,
  3:56:13 PM,70,,,,,,,,,
  3:56:16 PM,70,,,,,,,,,
  3:56:19 PM,70,,,,,,,,,
  3:56:20 PM,67,,,,,,,,,
  3:56:23 PM,67,,,,,,,,,
  3:56:26 PM,67,,,,,,,,,
  3:56:29 PM,67,,,,,,,,,
  3:56:30 PM,66,,,,,,,,,
  3:56:32 PM,66,,,,,,,,,
  3:56:35 PM,66,,,,,,,,,
  3:56:38 PM,66,,,,,,,,,
  3:56:41 PM,66,,,,,,,,,
  3:56:44 PM,66,,,,,,,,,
  3:56:47 PM,66,,,,,,,,,
  3:56:48 PM,67,,,,,,,,,
  3:56:51 PM,66,,,,,,,,,
  3:56:54 PM,67,,,,,,,,,
  3:56:57 PM,67,,,,,,,,,
  3:57:00 PM,70,,,,,,,,,
  3:57:03 PM,70,,,,,,,,,
  3:57:06 PM,70,,,,,,,,,
  3:57:08 PM,69,,,,,,,,,
  3:57:09 PM,69,,,,,,,,,
  3:57:11 PM,68,,,,,,,,,
  3:57:14 PM,68,,,,,,,,,
  3:57:17 PM,68,,,,,,,,,
  3:57:20 PM,69,,,,,,,,,
  3:57:23 PM,69,,,,,,,,,
  3:57:26 PM,69,,,,,,,,,
  3:57:29 PM,69,,,,,,,,,
  3:57:32 PM,69,,,,,,,,,
  3:57:35 PM,69,,,,,,,,,
  3:57:38 PM,69,,,,,,,,,
  3:57:41 PM,69,,,,,,,,,
  3:57:44 PM,69,,,,,,,,,
  3:57:47 PM,69,,,,,,,,,
  3:57:48 PM,69,,,,,,,,,
  3:57:51 PM,69,,,,,,,,,
  3:57:54 PM,69,,,,,,,,,
  3:57:57 PM,69,,,,,,,,,
  3:58:00 PM,72,,,,,,,,,
  3:58:03 PM,72,,,,,,,,,
  3:58:06 PM,72,,,,,,,,,
  3:58:09 PM,72,,,,,,,,,
  3:58:10 PM,70,,,,,,,,,
  3:58:11 PM,70,,,,,,,,,
  3:58:14 PM,70,,,,,,,,,
  3:58:17 PM,70,,,,,,,,,
  3:58:20 PM,69,,,,,,,,,
  3:58:30 PM,68,,,,,,,,,
  3:58:33 PM,68,,,,,,,,,
  3:58:36 PM,68,,,,,,,,,
  3:58:39 PM,68,,,,,,,,,
  3:58:42 PM,68,,,,,,,,,
  3:58:45 PM,68,,,,,,,,,
  3:58:47 PM,67,,,,,,,,,
  3:58:50 PM,67,,,,,,,,,
  3:58:51 PM,68,,,,,,,,,
  3:58:54 PM,69,,,,,,,,,
  3:58:56 PM,70,,,,,,,,,
  3:58:58 PM,71,,,,,,,,,
  3:59:00 PM,72,,,,,,,,,
  3:59:02 PM,73,,,,,,,,,
  3:59:03 PM,74,,,,,,,,,
  3:59:06 PM,74,,,,,,,,,
  3:59:08 PM,74,,,,,,,,,
  3:59:11 PM,74,,,,,,,,,
  3:59:14 PM,74,,,,,,,,,
  3:59:17 PM,74,,,,,,,,,
  3:59:18 PM,73,,,,,,,,,
  3:59:21 PM,73,,,,,,,,,
  3:59:24 PM,73,,,,,,,,,
  3:59:27 PM,73,,,,,,,,,
  3:59:30 PM,73,,,,,,,,,
  3:59:33 PM,73,,,,,,,,,
  3:59:36 PM,73,,,,,,,,,
  3:59:37 PM,73,,,,,,,,,
  3:59:38 PM,72,,,,,,,,,
  3:59:41 PM,72,,,,,,,,,
  3:59:43 PM,73,,,,,,,,,
  3:59:44 PM,74,,,,,,,,,
  3:59:45 PM,75,,,,,,,,,
  3:59:48 PM,75,,,,,,,,,
  3:59:51 PM,75,,,,,,,,,
  3:59:54 PM,75,,,,,,,,,
  3:59:57 PM,75,,,,,,,,,
  4:00:00 PM,75,,,,,,,,,
  4:00:03 PM,75,,,,,,,,,
  4:00:06 PM,75,,,,,,,,,
  4:00:09 PM,75,,,,,,,,,
  4:00:12 PM,74,,,,,,,,,
  4:00:15 PM,74,,,,,,,,,
  4:00:18 PM,74,,,,,,,,,
  4:00:21 PM,73,,,,,,,,,
  4:00:22 PM,73,,,,,,,,,
  4:00:25 PM,72,,,,,,,,,
  4:00:28 PM,73,,,,,,,,,
  4:00:30 PM,72,,,,,,,,,
  4:00:31 PM,71,,,,,,,,,
  4:00:34 PM,70,,,,,,,,,
  4:00:37 PM,70,,,,,,,,,
  4:00:40 PM,70,,,,,,,,,
  4:00:42 PM,69,,,,,,,,,
  4:00:43 PM,68,,,,,,,,,
  4:00:45 PM,67,,,,,,,,,
  4:00:46 PM,66,,,,,,,,,
  4:00:48 PM,66,,,,,,,,,
  4:00:51 PM,66,,,,,,,,,
  4:00:54 PM,66,,,,,,,,,
  4:00:57 PM,66,,,,,,,,,
  4:01:00 PM,66,,,,,,,,,
  4:01:03 PM,66,,,,,,,,,
  4:01:06 PM,66,,,,,,,,,
  4:01:07 PM,65,,,,,,,,,
  4:01:10 PM,65,,,,,,,,,
  4:01:13 PM,65,,,,,,,,,
  4:01:14 PM,66,,,,,,,,,
  4:01:16 PM,67,,,,,,,,,
  4:01:19 PM,67,,,,,,,,,
  4:01:22 PM,66,,,,,,,,,
  4:01:25 PM,66,,,,,,,,,
  4:01:28 PM,66,,,,,,,,,
  4:01:30 PM,66,,,,,,,,,
  4:01:33 PM,66,,,,,,,,,
  4:01:36 PM,66,,,,,,,,,
  4:01:39 PM,66,,,,,,,,,
  4:01:42 PM,66,,,,,,,,,
  4:01:45 PM,66,,,,,,,,,
  4:01:48 PM,66,,,,,,,,,
  4:01:51 PM,66,,,,,,,,,
  4:02:00 PM,60,,,,,,,,,
  4:02:03 PM,60,,,,,,,,,
  4:02:06 PM,60,,,,,,,,,
  4:02:09 PM,60,,,,,,,,,
  4:02:10 PM,59,,,,,,,,,
  4:02:13 PM,59,,,,,,,,,
  4:02:16 PM,59,,,,,,,,,
  4:02:19 PM,59,,,,,,,,,
  4:02:20 PM,60,,,,,,,,,
  4:02:23 PM,60,,,,,,,,,
  4:02:26 PM,60,,,,,,,,,
  4:02:29 PM,60,,,,,,,,,
  4:02:30 PM,61,,,,,,,,,
  4:02:33 PM,61,,,,,,,,,
  4:02:36 PM,61,,,,,,,,,
  4:02:39 PM,61,,,,,,,,,
  4:02:42 PM,61,,,,,,,,,
  4:02:45 PM,61,,,,,,,,,
  4:02:48 PM,61,,,,,,,,,
  4:02:50 PM,60,,,,,,,,,
  4:02:53 PM,60,,,,,,,,,
  4:02:56 PM,60,,,,,,,,,
  4:02:59 PM,60,,,,,,,,,
  4:03:00 PM,61,,,,,,,,,
  4:03:01 PM,61,,,,,,,,,
  4:03:03 PM,60,,,,,,,,,
  4:03:04 PM,60,,,,,,,,,
  4:03:05 PM,61,,,,,,,,,
  4:03:08 PM,61,,,,,,,,,
  4:03:11 PM,61,,,,,,,,,
  4:03:14 PM,61,,,,,,,,,
  4:03:17 PM,61,,,,,,,,,
  4:03:20 PM,61,,,,,,,,,
  4:03:23 PM,61,,,,,,,,,
  4:03:25 PM,63,,,,,,,,,
  4:03:28 PM,63,,,,,,,,,
  4:03:31 PM,63,,,,,,,,,
  4:03:34 PM,63,,,,,,,,,
  4:03:37 PM,63,,,,,,,,,
  4:03:40 PM,62,,,,,,,,,
  4:03:43 PM,62,,,,,,,,,
  4:03:44 PM,63,,,,,,,,,
  4:03:47 PM,63,,,,,,,,,
  4:03:50 PM,63,,,,,,,,,
  4:03:53 PM,63,,,,,,,,,
  4:03:56 PM,63,,,,,,,,,
  4:03:59 PM,63,,,,,,,,,
  4:04:02 PM,63,,,,,,,,,
  4:04:05 PM,63,,,,,,,,,
  4:04:08 PM,63,,,,,,,,,
  4:04:11 PM,63,,,,,,,,,
  4:04:14 PM,63,,,,,,,,,
  4:04:17 PM,63,,,,,,,,,
  4:04:20 PM,63,,,,,,,,,
  4:04:21 PM,63,,,,,,,,,
  4:04:24 PM,63,,,,,,,,,
  4:04:27 PM,63,,,,,,,,,
  4:04:30 PM,63,,,,,,,,,
  4:04:33 PM,63,,,,,,,,,
  4:04:36 PM,63,,,,,,,,,
  4:04:39 PM,63,,,,,,,,,
  4:04:40 PM,69,,,,,,,,,
  4:04:43 PM,69,,,,,,,,,
  4:04:46 PM,67,,,,,,,,,
  4:04:49 PM,67,,,,,,,,,
  4:04:52 PM,66,,,,,,,,,
  4:04:55 PM,66,,,,,,,,,
  4:04:58 PM,66,,,,,,,,,
  4:05:00 PM,65,,,,,,,,,
  4:05:03 PM,65,,,,,,,,,
  4:05:06 PM,64,,,,,,,,,
  4:05:09 PM,64,,,,,,,,,
  4:05:12 PM,64,,,,,,,,,
  4:05:14 PM,65,,,,,,,,,
  4:05:17 PM,65,,,,,,,,,
  4:05:20 PM,65,,,,,,,,,
  4:05:23 PM,65,,,,,,,,,
  4:05:26 PM,65,,,,,,,,,
  4:05:29 PM,65,,,,,,,,,
  4:05:30 PM,66,,,,,,,,,
  4:05:33 PM,66,,,,,,,,,
  4:05:40 PM,64,,,,,,,,,
  4:05:43 PM,64,,,,,,,,,
  4:05:46 PM,64,,,,,,,,,
  4:05:49 PM,64,,,,,,,,,
  4:05:50 PM,62,,,,,,,,,
  4:05:53 PM,62,,,,,,,,,
  4:05:56 PM,62,,,,,,,,,
  4:05:59 PM,62,,,,,,,,,
  4:06:00 PM,61,,,,,,,,,
  4:06:03 PM,61,,,,,,,,,
  4:06:06 PM,61,,,,,,,,,
  4:06:09 PM,61,,,,,,,,,
  4:06:10 PM,63,,,,,,,,,
  4:06:13 PM,63,,,,,,,,,
  4:06:16 PM,63,,,,,,,,,
  4:06:19 PM,62,,,,,,,,,
  4:06:22 PM,62,,,,,,,,,
  4:06:25 PM,62,,,,,,,,,
  4:06:26 PM,63,,,,,,,,,
  4:06:29 PM,63,,,,,,,,,
  4:06:32 PM,63,,,,,,,,,
  4:06:35 PM,63,,,,,,,,,
  4:06:38 PM,63,,,,,,,,,
  4:06:40 PM,62,,,,,,,,,
  4:06:43 PM,62,,,,,,,,,
  4:06:46 PM,62,,,,,,,,,
  4:06:49 PM,62,,,,,,,,,
  4:06:50 PM,61,,,,,,,,,
  4:06:53 PM,61,,,,,,,,,
  4:06:56 PM,61,,,,,,,,,
  4:06:59 PM,61,,,,,,,,,
  4:07:00 PM,62,,,,,,,,,
  4:07:03 PM,62,,,,,,,,,
  4:07:06 PM,62,,,,,,,,,
  4:07:09 PM,62,,,,,,,,,
  4:07:12 PM,62,,,,,,,,,
  4:07:15 PM,62,,,,,,,,,
  4:07:18 PM,62,,,,,,,,,
  4:07:20 PM,64,,,,,,,,,
  4:07:23 PM,64,,,,,,,,,
  4:07:26 PM,64,,,,,,,,,
  4:07:29 PM,64,,,,,,,,,
  4:07:30 PM,62,,,,,,,,,
  4:07:33 PM,62,,,,,,,,,
  4:07:36 PM,62,,,,,,,,,
  4:07:39 PM,62,,,,,,,,,
  4:07:42 PM,62,,,,,,,,,
  4:07:45 PM,62,,,,,,,,,
  4:07:48 PM,62,,,,,,,,,
  4:07:50 PM,63,,,,,,,,,
  4:07:52 PM,64,,,,,,,,,
  4:07:55 PM,64,,,,,,,,,
  4:07:58 PM,65,,,,,,,,,
  4:08:01 PM,65,,,,,,,,,
  4:08:02 PM,65,,,,,,,,,
  4:08:05 PM,64,,,,,,,,,
  4:08:08 PM,64,,,,,,,,,
  4:08:11 PM,64,,,,,,,,,
  4:08:14 PM,64,,,,,,,,,
  4:08:17 PM,64,,,,,,,,,
  4:08:18 PM,63,,,,,,,,,
  4:08:21 PM,63,,,,,,,,,
  4:08:24 PM,64,,,,,,,,,
  4:08:27 PM,64,,,,,,,,,
  4:08:28 PM,65,,,,,,,,,
  4:08:30 PM,66,,,,,,,,,
  4:08:33 PM,67,,,,,,,,,
  4:08:36 PM,68,,,,,,,,,
  4:08:39 PM,68,,,,,,,,,
  4:08:42 PM,68,,,,,,,,,
  4:08:45 PM,68,,,,,,,,,
  4:08:48 PM,68,,,,,,,,,
  4:08:50 PM,66,,,,,,,,,
  4:08:53 PM,66,,,,,,,,,
  4:08:56 PM,66,,,,,,,,,
  4:08:59 PM,66,,,,,,,,,
  4:09:00 PM,65,,,,,,,,,
  4:09:03 PM,65,,,,,,,,,
  4:09:06 PM,65,,,,,,,,,
  4:09:09 PM,65,,,,,,,,,
  4:09:10 PM,67,,,,,,,,,
  4:09:20 PM,67,,,,,,,,,
  4:09:23 PM,67,,,,,,,,,
  4:09:26 PM,67,,,,,,,,,
  4:09:29 PM,69,,,,,,,,,
  4:09:32 PM,69,,,,,,,,,
  4:09:35 PM,69,,,,,,,,,
  4:09:38 PM,69,,,,,,,,,
  4:09:41 PM,68,,,,,,,,,
  4:09:44 PM,68,,,,,,,,,
  4:09:47 PM,68,,,,,,,,,
  4:09:50 PM,68,,,,,,,,,
  4:09:53 PM,68,,,,,,,,,
  4:09:56 PM,68,,,,,,,,,
  4:09:59 PM,68,,,,,,,,,
  4:10:02 PM,68,,,,,,,,,
  4:10:05 PM,68,,,,,,,,,
  4:10:08 PM,68,,,,,,,,,
  4:10:10 PM,68,,,,,,,,,
  4:10:13 PM,68,,,,,,,,,
  4:10:16 PM,68,,,,,,,,,
  4:10:19 PM,68,,,,,,,,,
  4:10:20 PM,68,,,,,,,,,
  4:10:23 PM,68,,,,,,,,,
  4:10:26 PM,68,,,,,,,,,
  4:10:28 PM,67,,,,,,,,,
  4:10:31 PM,67,,,,,,,,,
  4:10:34 PM,67,,,,,,,,,
  4:10:35 PM,67,,,,,,,,,
  4:10:36 PM,66,,,,,,,,,
  4:10:39 PM,66,,,,,,,,,
  4:10:40 PM,65,,,,,,,,,
  4:10:43 PM,65,,,,,,,,,
  4:10:46 PM,65,,,,,,,,,
  4:10:48 PM,64,,,,,,,,,
  4:10:49 PM,64,,,,,,,,,
  4:10:50 PM,63,,,,,,,,,
  4:10:53 PM,62,,,,,,,,,
  4:10:54 PM,62,,,,,,,,,
  4:10:55 PM,62,,,,,,,,,
  4:10:56 PM,62,,,,,,,,,
  4:10:59 PM,62,,,,,,,,,
  4:11:02 PM,62,,,,,,,,,
  4:11:05 PM,62,,,,,,,,,
  4:11:07 PM,63,,,,,,,,,
  4:11:08 PM,63,,,,,,,,,
  4:11:09 PM,62,,,,,,,,,
  4:11:11 PM,62,,,,,,,,,
  4:11:12 PM,62,,,,,,,,,
  4:11:13 PM,62,,,,,,,,,
  4:11:16 PM,62,,,,,,,,,
  4:11:19 PM,62,,,,,,,,,
  4:11:22 PM,63,,,,,,,,,
  4:11:25 PM,63,,,,,,,,,
  4:11:28 PM,63,,,,,,,,,
  4:11:29 PM,63,,,,,,,,,
  4:11:32 PM,63,,,,,,,,,
  4:11:35 PM,63,,,,,,,,,
  4:11:38 PM,63,,,,,,,,,
  4:11:39 PM,64,,,,,,,,,
  4:11:40 PM,65,,,,,,,,,
  4:11:43 PM,65,,,,,,,,,
  4:11:46 PM,65,,,,,,,,,
  4:11:48 PM,66,,,,,,,,,
  4:11:51 PM,66,,,,,,,,,
  4:11:54 PM,66,,,,,,,,,
  4:11:57 PM,66,,,,,,,,,
  4:12:00 PM,67,,,,,,,,,
  4:12:03 PM,67,,,,,,,,,
  4:12:04 PM,66,,,,,,,,,
  4:12:07 PM,66,,,,,,,,,
  4:12:10 PM,66,,,,,,,,,
  4:12:11 PM,67,,,,,,,,,
  4:12:12 PM,67,,,,,,,,,
  4:12:15 PM,67,,,,,,,,,
  4:12:18 PM,67,,,,,,,,,
  4:12:20 PM,66,,,,,,,,,
  4:12:23 PM,66,,,,,,,,,
  4:12:26 PM,66,,,,,,,,,
  4:12:29 PM,66,,,,,,,,,
  4:12:30 PM,65,,,,,,,,,
  4:12:33 PM,65,,,,,,,,,
  4:12:40 PM,69,,,,,,,,,
  4:12:43 PM,70,,,,,,,,,
  4:12:44 PM,70,,,,,,,,,
  4:12:47 PM,70,,,,,,,,,
  4:12:50 PM,70,,,,,,,,,
  4:12:53 PM,70,,,,,,,,,
  4:12:56 PM,70,,,,,,,,,
  4:12:58 PM,69,,,,,,,,,
  4:13:01 PM,69,,,,,,,,,
  4:13:02 PM,70,,,,,,,,,
  4:13:05 PM,70,,,,,,,,,
  4:13:06 PM,69,,,,,,,,,
  4:13:09 PM,69,,,,,,,,,
  4:13:12 PM,69,,,,,,,,,
  4:13:15 PM,69,,,,,,,,,
  4:13:18 PM,69,,,,,,,,,
  4:13:19 PM,64,,,,,,,,,
  4:13:20 PM,64,,,,,,,,,
  4:13:23 PM,64,,,,,,,,,
  4:13:26 PM,64,,,,,,,,,
  4:13:29 PM,64,,,,,,,,,
  4:13:32 PM,64,,,,,,,,,
  4:13:35 PM,64,,,,,,,,,
  4:13:38 PM,64,,,,,,,,,
  4:13:40 PM,65,,,,,,,,,
  4:13:43 PM,65,,,,,,,,,
  4:13:46 PM,65,,,,,,,,,
  4:13:50 PM,64,,,,,,,,,
  4:13:53 PM,64,,,,,,,,,
  4:13:56 PM,64,,,,,,,,,
  4:13:58 PM,65,,,,,,,,,
  4:14:01 PM,65,,,,,,,,,
  4:14:04 PM,65,,,,,,,,,
  4:14:07 PM,65,,,,,,,,,
  4:14:10 PM,66,,,,,,,,,
  4:14:13 PM,66,,,,,,,,,
  4:14:16 PM,66,,,,,,,,,
  4:14:19 PM,66,,,,,,,,,
  4:14:21 PM,67,,,,,,,,,
  4:14:24 PM,67,,,,,,,,,
  4:14:27 PM,67,,,,,,,,,
  4:14:30 PM,68,,,,,,,,,
  4:14:33 PM,68,,,,,,,,,
  4:14:36 PM,68,,,,,,,,,
  4:14:39 PM,68,,,,,,,,,
  4:14:40 PM,68,,,,,,,,,
  4:14:43 PM,68,,,,,,,,,
  4:14:46 PM,68,,,,,,,,,
  4:14:49 PM,68,,,,,,,,,
  4:14:50 PM,67,,,,,,,,,
  4:14:53 PM,67,,,,,,,,,
  4:14:56 PM,67,,,,,,,,,
  4:14:59 PM,67,,,,,,,,,
  4:15:02 PM,67,,,,,,,,,
  4:15:03 PM,67,,,,,,,,,
  4:15:06 PM,67,,,,,,,,,
  4:15:09 PM,67,,,,,,,,,
  4:15:10 PM,65,,,,,,,,,
  4:15:13 PM,65,,,,,,,,,
  4:15:14 PM,63,,,,,,,,,
  4:15:15 PM,63,,,,,,,,,
  4:15:18 PM,63,,,,,,,,,
  4:15:19 PM,64,,,,,,,,,
  4:15:22 PM,64,,,,,,,,,
  4:15:25 PM,64,,,,,,,,,
  4:15:28 PM,64,,,,,,,,,
  4:15:30 PM,63,,,,,,,,,
  4:15:33 PM,63,,,,,,,,,
  4:15:36 PM,63,,,,,,,,,
  4:15:39 PM,63,,,,,,,,,
  4:15:40 PM,61,,,,,,,,,
  4:15:43 PM,61,,,,,,,,,
  4:15:46 PM,61,,,,,,,,,
  4:15:49 PM,61,,,,,,,,,
  4:15:50 PM,66,,,,,,,,,
  4:15:53 PM,66,,,,,,,,,
  4:15:56 PM,66,,,,,,,,,
  4:15:59 PM,66,,,,,,,,,
  4:16:00 PM,64,,,,,,,,,
  4:16:03 PM,64,,,,,,,,,
  4:16:06 PM,64,,,,,,,,,
  4:16:10 PM,66,,,,,,,,,
  4:16:11 PM,66,,,,,,,,,
  4:16:14 PM,66,,,,,,,,,
  4:16:17 PM,66,,,,,,,,,
  4:16:20 PM,66,,,,,,,,,
  4:16:23 PM,66,,,,,,,,,
  4:16:26 PM,66,,,,,,,,,
  4:16:29 PM,66,,,,,,,,,
  4:16:32 PM,66,,,,,,,,,
  4:16:35 PM,66,,,,,,,,,
  4:16:36 PM,66,,,,,,,,,
  4:16:39 PM,66,,,,,,,,,
  4:16:40 PM,65,,,,,,,,,
  4:16:43 PM,65,,,,,,,,,
  4:16:46 PM,65,,,,,,,,,
  4:16:49 PM,65,,,,,,,,,
  4:16:52 PM,65,,,,,,,,,
  4:16:55 PM,65,,,,,,,,,
  4:16:58 PM,65,,,,,,,,,
  4:17:01 PM,65,,,,,,,,,
  4:17:04 PM,65,,,,,,,,,
  4:17:07 PM,65,,,,,,,,,
  4:17:10 PM,65,,,,,,,,,
  4:17:13 PM,65,,,,,,,,,
  4:17:16 PM,65,,,,,,,,,
  4:17:19 PM,65,,,,,,,,,
  4:17:22 PM,65,,,,,,,,,
  4:17:23 PM,64,,,,,,,,,
  4:17:26 PM,64,,,,,,,,,
  4:17:29 PM,64,,,,,,,,,
  4:17:30 PM,62,,,,,,,,,
  4:17:33 PM,62,,,,,,,,,
  4:17:36 PM,62,,,,,,,,,
  4:17:39 PM,62,,,,,,,,,
  4:17:42 PM,62,,,,,,,,,
  4:17:45 PM,62,,,,,,,,,
  4:17:48 PM,62,,,,,,,,,
  4:17:50 PM,62,,,,,,,,,
  4:17:53 PM,62,,,,,,,,,
  4:17:56 PM,62,,,,,,,,,
  4:17:59 PM,62,,,,,,,,,
  4:18:02 PM,62,,,,,,,,,
  4:18:05 PM,62,,,,,,,,,
  4:18:08 PM,62,,,,,,,,,
  4:18:11 PM,62,,,,,,,,,
  4:18:14 PM,62,,,,,,,,,
  4:18:16 PM,63,,,,,,,,,
  4:18:18 PM,64,,,,,,,,,
  4:18:19 PM,65,,,,,,,,,
  4:18:22 PM,65,,,,,,,,,
  4:18:25 PM,65,,,,,,,,,
  4:18:28 PM,65,,,,,,,,,
  4:18:31 PM,65,,,,,,,,,
  4:18:34 PM,65,,,,,,,,,
  4:18:36 PM,65,,,,,,,,,
  4:18:39 PM,65,,,,,,,,,
  4:18:42 PM,66,,,,,,,,,
  4:18:45 PM,66,,,,,,,,,
  4:18:48 PM,66,,,,,,,,,
  4:18:51 PM,66,,,,,,,,,
  4:18:54 PM,66,,,,,,,,,
  4:18:57 PM,66,,,,,,,,,
  4:19:00 PM,66,,,,,,,,,
  4:19:03 PM,66,,,,,,,,,
  4:19:06 PM,66,,,,,,,,,
  4:19:08 PM,65,,,,,,,,,
  4:19:11 PM,65,,,,,,,,,
  4:19:14 PM,65,,,,,,,,,
  4:19:16 PM,66,,,,,,,,,
  4:19:19 PM,66,,,,,,,,,
  4:19:22 PM,65,,,,,,,,,
  4:19:25 PM,65,,,,,,,,,
  4:19:26 PM,64,,,,,,,,,
  4:19:29 PM,64,,,,,,,,,
  4:19:30 PM,65,,,,,,,,,
  4:19:33 PM,65,,,,,,,,,
  4:19:36 PM,65,,,,,,,,,
  4:19:39 PM,65,,,,,,,,,
  4:19:42 PM,65,,,,,,,,,
  4:19:45 PM,65,,,,,,,,,
  4:19:48 PM,65,,,,,,,,,
  4:19:50 PM,65,,,,,,,,,
  4:19:53 PM,65,,,,,,,,,
  4:19:55 PM,67,,,,,,,,,
  4:19:56 PM,68,,,,,,,,,
  4:19:59 PM,68,,,,,,,,,
  4:20:00 PM,67,,,,,,,,,
  4:20:03 PM,67,,,,,,,,,
  4:20:06 PM,67,,,,,,,,,
  4:20:09 PM,67,,,,,,,,,
  4:20:12 PM,67,,,,,,,,,
  4:20:15 PM,67,,,,,,,,,
  4:20:16 PM,66,,,,,,,,,
  4:20:19 PM,66,,,,,,,,,
  4:20:20 PM,68,,,,,,,,,
  4:20:23 PM,68,,,,,,,,,
  4:20:26 PM,68,,,,,,,,,
  4:20:29 PM,68,,,,,,,,,
  4:20:30 PM,72,,,,,,,,,
  4:20:33 PM,72,,,,,,,,,
  4:20:36 PM,72,,,,,,,,,
  4:20:39 PM,72,,,,,,,,,
  4:20:40 PM,65,,,,,,,,,
  4:20:43 PM,65,,,,,,,,,
  4:20:46 PM,65,,,,,,,,,
  4:20:49 PM,65,,,,,,,,,
  4:20:50 PM,64,,,,,,,,,
  4:20:53 PM,64,,,,,,,,,
  4:20:54 PM,64,,,,,,,,,
  4:20:55 PM,65,,,,,,,,,
  4:20:58 PM,65,,,,,,,,,
  4:21:01 PM,65,,,,,,,,,
  4:21:04 PM,65,,,,,,,,,
  4:21:07 PM,65,,,,,,,,,
  4:21:10 PM,65,,,,,,,,,
  4:21:13 PM,65,,,,,,,,,
  4:21:16 PM,65,,,,,,,,,
  4:21:19 PM,65,,,,,,,,,
  4:21:20 PM,64,,,,,,,,,
  4:21:23 PM,64,,,,,,,,,
  4:21:26 PM,64,,,,,,,,,
  4:21:27 PM,66,,,,,,,,,
  4:21:28 PM,66,,,,,,,,,
  4:21:31 PM,66,,,,,,,,,
  4:21:34 PM,66,,,,,,,,,
  4:21:37 PM,66,,,,,,,,,
  4:21:40 PM,66,,,,,,,,,
  4:21:43 PM,66,,,,,,,,,
  4:21:46 PM,66,,,,,,,,,
  4:21:49 PM,66,,,,,,,,,
  4:21:51 PM,67,,,,,,,,,
  4:21:54 PM,67,,,,,,,,,
  4:21:57 PM,67,,,,,,,,,
  4:22:00 PM,68,,,,,,,,,
  4:22:02 PM,67,,,,,,,,,
  4:22:03 PM,67,,,,,,,,,
  4:22:06 PM,67,,,,,,,,,
  4:22:09 PM,67,,,,,,,,,
  4:22:12 PM,67,,,,,,,,,
  4:22:15 PM,67,,,,,,,,,
  4:22:18 PM,67,,,,,,,,,
  4:22:21 PM,67,,,,,,,,,
  4:22:24 PM,67,,,,,,,,,
  4:22:27 PM,67,,,,,,,,,
  4:22:30 PM,66,,,,,,,,,
  4:22:33 PM,66,,,,,,,,,
  4:22:36 PM,66,,,,,,,,,
  4:22:39 PM,66,,,,,,,,,
  4:22:42 PM,66,,,,,,,,,
  4:22:45 PM,66,,,,,,,,,
  4:22:48 PM,66,,,,,,,,,
  4:22:50 PM,64,,,,,,,,,
  4:22:53 PM,64,,,,,,,,,
  4:22:56 PM,64,,,,,,,,,
  4:22:59 PM,64,,,,,,,,,
  4:23:02 PM,64,,,,,,,,,
  4:23:05 PM,64,,,,,,,,,
  4:23:06 PM,63,,,,,,,,,
  4:23:09 PM,63,,,,,,,,,
  4:23:12 PM,65,,,,,,,,,
  4:23:13 PM,66,,,,,,,,,
  4:23:16 PM,66,,,,,,,,,
  4:23:17 PM,66,,,,,,,,,
  4:23:20 PM,66,,,,,,,,,
  4:23:23 PM,66,,,,,,,,,
  4:23:26 PM,66,,,,,,,,,
  4:23:29 PM,65,,,,,,,,,
  4:23:32 PM,65,,,,,,,,,
  4:23:35 PM,65,,,,,,,,,
  4:23:38 PM,64,,,,,,,,,
  4:23:41 PM,64,,,,,,,,,
  4:23:44 PM,65,,,,,,,,,
  4:23:47 PM,65,,,,,,,,,
  4:23:50 PM,66,,,,,,,,,
  4:23:53 PM,66,,,,,,,,,
  4:23:56 PM,66,,,,,,,,,
  4:23:59 PM,66,,,,,,,,,
  4:24:00 PM,65,,,,,,,,,
  4:24:03 PM,65,,,,,,,,,
  4:24:06 PM,65,,,,,,,,,
  4:24:09 PM,62,,,,,,,,,
  4:24:12 PM,62,,,,,,,,,
  4:24:15 PM,62,,,,,,,,,
  4:24:18 PM,62,,,,,,,,,
  4:24:20 PM,61,,,,,,,,,
  4:24:23 PM,61,,,,,,,,,
  4:24:26 PM,61,,,,,,,,,
  4:24:27 PM,61,,,,,,,,,
  4:24:29 PM,61,,,,,,,,,
  4:24:30 PM,61,,,,,,,,,
  4:24:33 PM,61,,,,,,,,,
  4:24:36 PM,61,,,,,,,,,
  4:24:39 PM,61,,,,,,,,,
  4:24:42 PM,61,,,,,,,,,
  4:24:45 PM,61,,,,,,,,,
  4:24:48 PM,61,,,,,,,,,
  4:24:51 PM,61,,,,,,,,,
  4:24:54 PM,61,,,,,,,,,
  4:24:57 PM,61,,,,,,,,,
  4:25:00 PM,61,,,,,,,,,
  4:25:03 PM,61,,,,,,,,,
  4:25:06 PM,61,,,,,,,,,
  4:25:09 PM,61,,,,,,,,,
  4:25:10 PM,61,,,,,,,,,
  4:25:13 PM,61,,,,,,,,,
  4:25:15 PM,61,,,,,,,,,
  4:25:18 PM,61,,,,,,,,,
  4:25:20 PM,62,,,,,,,,,
  4:25:21 PM,64,,,,,,,,,
  4:25:22 PM,64,,,,,,,,,
  4:25:25 PM,64,,,,,,,,,
  4:25:28 PM,64,,,,,,,,,
  4:25:31 PM,64,,,,,,,,,
  4:25:34 PM,64,,,,,,,,,
  4:25:37 PM,64,,,,,,,,,
  4:25:38 PM,63,,,,,,,,,
  4:25:39 PM,63,,,,,,,,,
  4:25:42 PM,63,,,,,,,,,
  4:25:45 PM,63,,,,,,,,,
  4:25:48 PM,63,,,,,,,,,
  4:25:51 PM,63,,,,,,,,,
  4:25:53 PM,62,,,,,,,,,
  4:25:56 PM,62,,,,,,,,,
  4:25:59 PM,62,,,,,,,,,
  4:26:02 PM,62,,,,,,,,,
  4:26:05 PM,62,,,,,,,,,
  4:26:08 PM,62,,,,,,,,,
  4:26:09 PM,63,,,,,,,,,
  4:26:12 PM,64,,,,,,,,,
  4:26:13 PM,65,,,,,,,,,
  4:26:14 PM,66,,,,,,,,,
  4:26:15 PM,66,,,,,,,,,
  4:26:20 PM,73,,,,,,,,,
  4:26:25 PM,79,,,,,,,,,
  4:26:30 PM,80,,,,,,,,,
  4:26:35 PM,79,,,,,,,,,
  4:26:50 PM,79,,,,,,,,,
  4:26:55 PM,77,,,,,,,,,
  4:27:00 PM,61,,,,,,,,,
  4:27:10 PM,58,,,,,,,,,
  4:27:20 PM,61,,,,,,,,,
  4:27:25 PM,60,,,,,,,,,
  4:27:30 PM,60,,,,,,,,,
  4:27:40 PM,63,,,,,,,,,
  4:27:45 PM,62,,,,,,,,,
  4:27:50 PM,62,,,,,,,,,
  4:28:05 PM,62,,,,,,,,,
  4:28:15 PM,65,,,,,,,,,
  4:28:20 PM,66,,,,,,,,,
  4:28:35 PM,66,,,,,,,,,
  4:28:50 PM,66,,,,,,,,,
  4:29:05 PM,66,,,,,,,,,
  4:29:10 PM,67,,,,,,,,,
  4:29:25 PM,67,,,,,,,,,
  4:29:40 PM,67,,,,,,,,,
  4:29:55 PM,67,,,,,,,,,
  4:30:10 PM,67,,,,,,,,,
  9:52:00 PM,90,,,,,,,,,
  9:52:01 PM,89,,,,,,,,,
  9:52:02 PM,88,,,,,,,,,
  9:52:03 PM,86,,,,,,,,,
  9:52:04 PM,86,,,,,,,,,
  9:52:07 PM,85,,,,,,,,,
  9:52:09 PM,86,,,,,,,,,
  9:52:12 PM,86,,,,,,,,,
  9:52:15 PM,86,,,,,,,,,
  9:52:18 PM,86,,,,,,,,,
  9:52:19 PM,86,,,,,,,,,
  9:52:20 PM,87,,,,,,,,,
  9:52:23 PM,88,,,,,,,,,
  9:52:26 PM,88,,,,,,,,,
  9:52:29 PM,88,,,,,,,,,
  9:52:31 PM,87,,,,,,,,,
  9:52:32 PM,86,,,,,,,,,
  9:52:33 PM,85,,,,,,,,,
  9:52:36 PM,85,,,,,,,,,
  9:52:40 PM,85,,,,,,,,,
  9:52:55 PM,85,,,,,,,,,
  9:53:00 PM,90,,,,,,,,,
  9:53:05 PM,90,,,,,,,,,
  9:53:20 PM,90,,,,,,,,,
  9:53:25 PM,93,,,,,,,,,
  9:53:30 PM,86,,,,,,,,,
  9:53:35 PM,86,,,,,,,,,
  9:53:50 PM,89,,,,,,,,,
  9:54:00 PM,92,,,,,,,,,
  9:54:05 PM,93,,,,,,,,,
  9:54:20 PM,92,,,,,,,,,
  9:54:35 PM,92,,,,,,,,,
  9:54:50 PM,92,,,,,,,,,
  9:55:05 PM,92,,,,,,,,,
  9:55:10 PM,90,,,,,,,,,
  9:55:25 PM,90,,,,,,,,,
  9:55:30 PM,90,,,,,,,,,
  9:55:40 PM,92,,,,,,,,,
  9:55:45 PM,91,,,,,,,,,
  9:56:00 PM,91,,,,,,,,,
  9:56:05 PM,90,,,,,,,,,
  9:56:10 PM,90,,,,,,,,,
  9:56:20 PM,90,,,,,,,,,
  9:56:35 PM,90,,,,,,,,,
  9:56:40 PM,96,,,,,,,,,
  9:56:55 PM,96,,,,,,,,,
  9:57:00 PM,96,,,,,,,,,
  9:57:05 PM,95,,,,,,,,,
  9:57:20 PM,95,,,,,,,,,
  9:57:30 PM,93,,,,,,,,,
  9:57:45 PM,93,,,,,,,,,
  9:58:00 PM,92,,,,,,,,,
  9:58:10 PM,93,,,,,,,,,
  9:58:25 PM,93,,,,,,,,,
  9:58:30 PM,92,,,,,,,,,
  9:58:45 PM,90,,,,,,,,,
  9:58:55 PM,89,,,,,,,,,
  9:59:00 PM,88,,,,,,,,,
  9:59:10 PM,87,,,,,,,,,
  9:59:15 PM,85,,,,,,,,,
  9:59:30 PM,85,,,,,,,,,
  9:59:45 PM,85,,,,,,,,,
  9:59:55 PM,84,,,,,,,,,
  10:00:10 PM,87,,,,,,,,,
  10:00:20 PM,92,,,,,,,,,
  10:00:25 PM,95,,,,,,,,,
  10:00:30 PM,95,,,,,,,,,
  10:00:35 PM,94,,,,,,,,,
  10:00:50 PM,91,,,,,,,,,
  10:01:00 PM,90,,,,,,,,,
  10:01:05 PM,88,,,,,,,,,
  10:01:20 PM,88,,,,,,,,,
  10:01:25 PM,87,,,,,,,,,
  10:01:30 PM,88,,,,,,,,,
  10:01:45 PM,88,,,,,,,,,
  10:01:50 PM,86,,,,,,,,,
  10:01:55 PM,86,,,,,,,,,
  10:02:05 PM,85,,,,,,,,,
  10:02:10 PM,84,,,,,,,,,
  10:02:20 PM,85,,,,,,,,,
  10:02:30 PM,84,,,,,,,,,
  10:02:40 PM,84,,,,,,,,,
  10:02:45 PM,85,,,,,,,,,
  10:02:50 PM,86,,,,,,,,,
  10:03:00 PM,87,,,,,,,,,
  10:03:15 PM,86,,,,,,,,,
  10:03:20 PM,85,,,,,,,,,
  10:03:25 PM,89,,,,,,,,,
  10:03:40 PM,87,,,,,,,,,
  10:03:50 PM,86,,,,,,,,,
  10:04:05 PM,86,,,,,,,,,
  10:04:10 PM,89,,,,,,,,,
  10:04:20 PM,90,,,,,,,,,
  10:04:35 PM,90,,,,,,,,,
  10:04:40 PM,89,,,,,,,,,
  10:04:55 PM,89,,,,,,,,,
  10:05:00 PM,88,,,,,,,,,
  10:05:15 PM,88,,,,,,,,,
  10:05:20 PM,89,,,,,,,,,
  10:05:30 PM,90,,,,,,,,,
  10:05:40 PM,90,,,,,,,,,
  10:05:45 PM,91,,,,,,,,,
  10:05:55 PM,90,,,,,,,,,
  10:06:10 PM,90,,,,,,,,,
  10:06:20 PM,88,,,,,,,,,
  10:06:25 PM,90,,,,,,,,,
  10:06:30 PM,90,,,,,,,,,
  10:06:40 PM,91,,,,,,,,,
  10:06:50 PM,92,,,,,,,,,
  10:07:00 PM,88,,,,,,,,,
  10:07:05 PM,87,,,,,,,,,
  10:07:20 PM,89,,,,,,,,,
  10:07:30 PM,88,,,,,,,,,
  10:07:35 PM,88,,,,,,,,,
  10:07:45 PM,87,,,,,,,,,
  10:08:00 PM,86,,,,,,,,,
  10:08:05 PM,86,,,,,,,,,
  10:08:10 PM,86,,,,,,,,,
  10:08:20 PM,88,,,,,,,,,
  10:08:30 PM,88,,,,,,,,,
  10:08:40 PM,89,,,,,,,,,
  10:08:55 PM,89,,,,,,,,,
  10:09:10 PM,89,,,,,,,,,
  10:09:20 PM,88,,,,,,,,,
  10:09:25 PM,87,,,,,,,,,
  10:09:30 PM,87,,,,,,,,,
  10:09:35 PM,86,,,,,,,,,
  10:09:40 PM,86,,,,,,,,,
  10:09:55 PM,85,,,,,,,,,
  10:10:10 PM,85,,,,,,,,,
  10:10:25 PM,85,,,,,,,,,
  10:10:30 PM,84,,,,,,,,,
  10:10:40 PM,84,,,,,,,,,
  10:10:50 PM,83,,,,,,,,,
  10:11:00 PM,82,,,,,,,,,
  10:11:05 PM,81,,,,,,,,,
  10:11:20 PM,87,,,,,,,,,
  10:11:30 PM,88,,,,,,,,,
  10:11:40 PM,87,,,,,,,,,
  10:11:50 PM,86,,,,,,,,,
  10:12:05 PM,86,,,,,,,,,
  10:12:15 PM,85,,,,,,,,,
  10:12:20 PM,85,,,,,,,,,
  10:12:25 PM,86,,,,,,,,,
  10:12:35 PM,86,,,,,,,,,
  10:12:50 PM,86,,,,,,,,,
  10:13:00 PM,86,,,,,,,,,
  10:13:15 PM,86,,,,,,,,,
  10:13:30 PM,83,,,,,,,,,
  10:13:40 PM,81,,,,,,,,,
  10:13:50 PM,80,,,,,,,,,
  10:14:05 PM,79,,,,,,,,,
  10:14:10 PM,80,,,,,,,,,
  10:14:15 PM,81,,,,,,,,,
  10:14:20 PM,83,,,,,,,,,
  10:14:25 PM,82,,,,,,,,,
  10:14:30 PM,81,,,,,,,,,
  10:14:35 PM,82,,,,,,,,,
  10:14:45 PM,83,,,,,,,,,
  10:14:50 PM,84,,,,,,,,,
  10:14:55 PM,85,,,,,,,,,
  10:15:00 PM,83,,,,,,,,,
  10:15:05 PM,82,,,,,,,,,
  10:15:10 PM,79,,,,,,,,,
  10:15:15 PM,81,,,,,,,,,
  10:15:20 PM,81,,,,,,,,,
  10:15:35 PM,82,,,,,,,,,
  10:15:45 PM,81,,,,,,,,,
  10:15:50 PM,81,,,,,,,,,
  10:15:55 PM,82,,,,,,,,,
  10:16:00 PM,83,,,,,,,,,
  10:16:05 PM,89,,,,,,,,,
  10:16:10 PM,90,,,,,,,,,
  10:16:25 PM,89,,,,,,,,,
  10:16:30 PM,88,,,,,,,,,
  10:16:40 PM,88,,,,,,,,,
  10:16:50 PM,86,,,,,,,,,
  10:16:55 PM,85,,,,,,,,,
  10:17:10 PM,85,,,,,,,,,
  10:17:25 PM,85,,,,,,,,,
  10:17:30 PM,86,,,,,,,,,
  10:17:35 PM,86,,,,,,,,,
  10:17:50 PM,88,,,,,,,,,
  10:18:05 PM,89,,,,,,,,,
  10:18:15 PM,88,,,,,,,,,
  10:18:20 PM,87,,,,,,,,,
  10:18:25 PM,85,,,,,,,,,
  10:18:30 PM,84,,,,,,,,,
  10:18:40 PM,83,,,,,,,,,
  10:18:50 PM,87,,,,,,,,,
  10:18:55 PM,87,,,,,,,,,
  10:19:10 PM,89,,,,,,,,,
  10:19:20 PM,89,,,,,,,,,
  10:19:30 PM,87,,,,,,,,,
  10:19:35 PM,85,,,,,,,,,
  10:19:40 PM,84,,,,,,,,,
  10:19:50 PM,83,,,,,,,,,
  10:19:55 PM,81,,,,,,,,,
  10:20:00 PM,82,,,,,,,,,
  10:20:10 PM,80,,,,,,,,,
  10:20:20 PM,79,,,,,,,,,
  10:20:25 PM,84,,,,,,,,,
  10:20:40 PM,84,,,,,,,,,
  10:20:45 PM,83,,,,,,,,,
  10:20:50 PM,83,,,,,,,,,
  10:20:55 PM,82,,,,,,,,,
  10:21:10 PM,84,,,,,,,,,
  10:21:25 PM,84,,,,,,,,,
  10:21:30 PM,84,,,,,,,,,
  10:21:45 PM,84,,,,,,,,,
  10:22:00 PM,85,,,,,,,,,
  10:22:10 PM,84,,,,,,,,,
  10:22:15 PM,83,,,,,,,,,
  10:22:30 PM,93,,,,,,,,,
  10:22:35 PM,93,,,,,,,,,
  10:22:50 PM,92,,,,,,,,,
  10:23:00 PM,93,,,,,,,,,
  10:23:10 PM,91,,,,,,,,,
  10:23:15 PM,90,,,,,,,,,
  10:23:30 PM,90,,,,,,,,,
  10:23:40 PM,91,,,,,,,,,
  10:23:50 PM,90,,,,,,,,,
  10:24:05 PM,90,,,,,,,,,
  10:24:20 PM,90,,,,,,,,,
  10:24:25 PM,89,,,,,,,,,
  10:24:40 PM,89,,,,,,,,,
  10:24:45 PM,88,,,,,,,,,
  10:24:50 PM,87,,,,,,,,,
  10:24:55 PM,86,,,,,,,,,
  10:25:10 PM,86,,,,,,,,,
  10:25:20 PM,85,,,,,,,,,
  10:25:30 PM,87,,,,,,,,,
  10:25:45 PM,87,,,,,,,,,
  10:25:50 PM,86,,,,,,,,,
  10:25:55 PM,87,,,,,,,,,
  10:26:10 PM,87,,,,,,,,,
  10:26:25 PM,87,,,,,,,,,
  10:26:30 PM,86,,,,,,,,,
  10:26:40 PM,86,,,,,,,,,
  10:26:55 PM,86,,,,,,,,,
  10:27:10 PM,91,,,,,,,,,
  10:27:15 PM,90,,,,,,,,,
  10:27:30 PM,88,,,,,,,,,
  10:27:45 PM,88,,,,,,,,,
  10:27:50 PM,87,,,,,,,,,
  10:27:55 PM,86,,,,,,,,,
  10:28:00 PM,85,,,,,,,,,
  10:28:15 PM,84,,,,,,,,,
  10:28:30 PM,85,,,,,,,,,
  10:28:40 PM,88,,,,,,,,,
  10:28:50 PM,87,,,,,,,,,
  10:29:00 PM,86,,,,,,,,,
  10:29:15 PM,86,,,,,,,,,
  10:29:20 PM,86,,,,,,,,,
  10:29:30 PM,73,,,,,,,,,
  10:29:45 PM,72,,,,,,,,,
  10:29:50 PM,71,,,,,,,,,
  10:30:05 PM,71,,,,,,,,,
  10:30:20 PM,71,,,,,,,,,
  10:30:35 PM,71,,,,,,,,,
  10:30:40 PM,71,,,,,,,,,
  10:30:55 PM,71,,,,,,,,,
  10:31:00 PM,72,,,,,,,,,
  10:31:10 PM,82,,,,,,,,,
  10:31:25 PM,82,,,,,,,,,
  10:31:30 PM,88,,,,,,,,,
  10:31:35 PM,88,,,,,,,,,
  10:31:40 PM,87,,,,,,,,,
  10:31:50 PM,87,,,,,,,,,
  10:31:55 PM,86,,,,,,,,,
  10:32:05 PM,85,,,,,,,,,
  10:32:10 PM,84,,,,,,,,,
  10:32:20 PM,80,,,,,,,,,
  10:32:30 PM,82,,,,,,,,,
  10:32:40 PM,80,,,,,,,,,
  10:32:45 PM,79,,,,,,,,,
  10:32:50 PM,80,,,,,,,,,
  10:33:05 PM,81,,,,,,,,,
  10:33:20 PM,83,,,,,,,,,
  10:33:30 PM,82,,,,,,,,,
  10:33:40 PM,80,,,,,,,,,
  10:33:50 PM,81,,,,,,,,,
  10:34:05 PM,80,,,,,,,,,
  10:34:20 PM,80,,,,,,,,,
  10:34:35 PM,80,,,,,,,,,
  10:34:45 PM,81,,,,,,,,,
  10:34:50 PM,81,,,,,,,,,
  10:35:00 PM,82,,,,,,,,,
  10:35:15 PM,81,,,,,,,,,
  10:35:20 PM,82,,,,,,,,,
  10:35:25 PM,83,,,,,,,,,
  10:35:30 PM,86,,,,,,,,,
  10:35:40 PM,88,,,,,,,,,
  10:35:45 PM,88,,,,,,,,,
  10:35:50 PM,89,,,,,,,,,
  10:35:55 PM,91,,,,,,,,,
  10:36:00 PM,93,,,,,,,,,
  10:36:05 PM,95,,,,,,,,,
  10:36:10 PM,95,,,,,,,,,
  10:36:15 PM,95,,,,,,,,,
  10:36:30 PM,95,,,,,,,,,
  10:36:40 PM,94,,,,,,,,,
  10:36:55 PM,94,,,,,,,,,
  10:37:10 PM,94,,,,,,,,,
  10:37:15 PM,93,,,,,,,,,
  10:37:20 PM,92,,,,,,,,,
  10:37:35 PM,94,,,,,,,,,
  10:37:40 PM,96,,,,,,,,,
  10:37:45 PM,98,,,,,,,,,
  10:38:00 PM,98,,,,,,,,,
  10:38:15 PM,98,,,,,,,,,
  10:38:30 PM,98,,,,,,,,,
  10:38:45 PM,98,,,,,,,,,
  11:03:00 PM,70,,,,,,,,,
  11:03:15 PM,70,,,,,,,,,
  11:03:30 PM,70,,,,,,,,,
  11:03:45 PM,70,,,,,,,,,
  11:04:00 PM,70,,,,,,,,,
  11:04:15 PM,70,,,,,,,,,
  11:04:30 PM,70,,,,,,,,,
  11:04:45 PM,70,,,,,,,,,
  11:05:00 PM,70,,,,,,,,,
  11:05:15 PM,70,,,,,,,,,
  11:05:30 PM,70,,,,,,,,,
  11:05:45 PM,70,,,,,,,,,
  11:06:00 PM,70,,,,,,,,,
  11:06:15 PM,70,,,,,,,,,
  11:06:30 PM,70,,,,,,,,,
  11:06:45 PM,70,,,,,,,,,
  11:07:00 PM,70,,,,,,,,,
  11:07:15 PM,70,,,,,,,,,
  11:07:30 PM,70,,,,,,,,,
  11:07:45 PM,70,,,,,,,,,
  11:08:30 PM,70,,,,,,,,,
  11:08:45 PM,70,,,,,,,,,
